{
  "configVersion": 1,
  "timestamp": 1612257702137,
  "index": "/index.html",
  "assetGroups": [
    {
      "name": "app",
      "installMode": "prefetch",
      "updateMode": "prefetch",
      "urls": [
        "/0-es2015.97cbcbd78b3f10d30dc8.js",
        "/0-es5.97cbcbd78b3f10d30dc8.js",
        "/1-es2015.b51dbd15bcc00c330f5e.js",
        "/1-es5.b51dbd15bcc00c330f5e.js",
        "/10-es2015.09b058e88dca573078aa.js",
        "/10-es5.09b058e88dca573078aa.js",
        "/11-es2015.2a741a072d60ae36b562.js",
        "/11-es5.2a741a072d60ae36b562.js",
        "/12-es2015.964f3da5dc09f1caeed2.js",
        "/12-es5.964f3da5dc09f1caeed2.js",
        "/13-es2015.c2a3db97a27e137e97a3.js",
        "/13-es5.c2a3db97a27e137e97a3.js",
        "/14-es2015.94c54f33f0ddadaaf248.js",
        "/14-es5.94c54f33f0ddadaaf248.js",
        "/15-es2015.84cd32382e674a42fce7.js",
        "/15-es5.84cd32382e674a42fce7.js",
        "/16-es2015.289b1e7768c5241415e2.js",
        "/16-es5.289b1e7768c5241415e2.js",
        "/17-es2015.ab60613699b9f59d5abc.js",
        "/17-es5.ab60613699b9f59d5abc.js",
        "/18-es2015.ea502df77bd3a5988d1c.js",
        "/18-es5.ea502df77bd3a5988d1c.js",
        "/19-es2015.79d2ecfab06a5a30a35d.js",
        "/19-es5.79d2ecfab06a5a30a35d.js",
        "/2-es2015.1884cdc30fa32a819d0e.js",
        "/2-es5.1884cdc30fa32a819d0e.js",
        "/20-es2015.1aa6cb85a30ea17452c3.js",
        "/20-es5.1aa6cb85a30ea17452c3.js",
        "/21-es2015.b0ffa49af8a1629f4737.js",
        "/21-es5.b0ffa49af8a1629f4737.js",
        "/22-es2015.3df20d73fd60af5b1909.js",
        "/22-es5.3df20d73fd60af5b1909.js",
        "/23-es2015.6e2a5d4c9c4ec2dc0c43.js",
        "/23-es5.6e2a5d4c9c4ec2dc0c43.js",
        "/24-es2015.9de5bf8e6a8b563403ee.js",
        "/24-es5.9de5bf8e6a8b563403ee.js",
        "/25-es2015.ba8583e80b31ea1ddce4.js",
        "/25-es5.ba8583e80b31ea1ddce4.js",
        "/26-es2015.085b7d14df0328b4e89a.js",
        "/26-es5.085b7d14df0328b4e89a.js",
        "/27-es2015.a9934d49b9e145c274f9.js",
        "/27-es5.a9934d49b9e145c274f9.js",
        "/28-es2015.7afa68b99a97eb5997dc.js",
        "/28-es5.7afa68b99a97eb5997dc.js",
        "/29-es2015.ab5de46145ce8a6ee5e4.js",
        "/29-es5.ab5de46145ce8a6ee5e4.js",
        "/3-es2015.6cb60845b97fb6bdfd3c.js",
        "/3-es5.6cb60845b97fb6bdfd3c.js",
        "/30-es2015.521ea27ab957141a3a56.js",
        "/30-es5.521ea27ab957141a3a56.js",
        "/31-es2015.daaac9cc0cff02a83562.js",
        "/31-es5.daaac9cc0cff02a83562.js",
        "/32-es2015.1079aadcff187a891652.js",
        "/32-es5.1079aadcff187a891652.js",
        "/33-es2015.0a618cff7cf37ca14a21.js",
        "/33-es5.0a618cff7cf37ca14a21.js",
        "/34-es2015.45f48ec23d23cbe6eab6.js",
        "/34-es5.45f48ec23d23cbe6eab6.js",
        "/35-es2015.8f2ce0c56f8f201b50c6.js",
        "/35-es5.8f2ce0c56f8f201b50c6.js",
        "/36-es2015.72b6e4d6d6cd951833dc.js",
        "/36-es5.72b6e4d6d6cd951833dc.js",
        "/37-es2015.649a733b667fd90c4d16.js",
        "/37-es5.649a733b667fd90c4d16.js",
        "/38-es2015.03cae1a7e18f3ac1d3fb.js",
        "/38-es5.03cae1a7e18f3ac1d3fb.js",
        "/39-es2015.fd0917f712e27efdc78f.js",
        "/39-es5.fd0917f712e27efdc78f.js",
        "/4-es2015.95f5fc5b9c08451f735b.js",
        "/4-es5.95f5fc5b9c08451f735b.js",
        "/40-es2015.e54a75c90e080ae1971f.js",
        "/40-es5.e54a75c90e080ae1971f.js",
        "/41-es2015.36f07cf35eba93cabe25.js",
        "/41-es5.36f07cf35eba93cabe25.js",
        "/42-es2015.d2be755f1bc6ad6447a7.js",
        "/42-es5.d2be755f1bc6ad6447a7.js",
        "/43-es2015.c1c7d8e1603ea14fe27f.js",
        "/43-es5.c1c7d8e1603ea14fe27f.js",
        "/44-es2015.e2314d21f71120779bd6.js",
        "/44-es5.e2314d21f71120779bd6.js",
        "/45-es2015.bd4d5acb397241a4f5ca.js",
        "/45-es5.bd4d5acb397241a4f5ca.js",
        "/46-es2015.4344f2cd493496d42ed8.js",
        "/46-es5.4344f2cd493496d42ed8.js",
        "/47-es2015.fdabf8cfa3d148076c54.js",
        "/47-es5.fdabf8cfa3d148076c54.js",
        "/48-es2015.f4859c3af569772f3f74.js",
        "/48-es5.f4859c3af569772f3f74.js",
        "/49-es2015.f9596a8c1676c3b8c2e4.js",
        "/49-es5.f9596a8c1676c3b8c2e4.js",
        "/5-es2015.39d248b7d37f0ac8ce83.js",
        "/5-es5.39d248b7d37f0ac8ce83.js",
        "/50-es2015.7f6510e3e2d3e1bbf415.js",
        "/50-es5.7f6510e3e2d3e1bbf415.js",
        "/6-es2015.9aae803f081208824a59.js",
        "/6-es5.9aae803f081208824a59.js",
        "/7-es2015.c20a4c7b702ca0c54a85.js",
        "/7-es5.c20a4c7b702ca0c54a85.js",
        "/8-es2015.77498fc929b2ddb54362.js",
        "/8-es5.77498fc929b2ddb54362.js",
        "/9-es2015.78b3f28cb5269589b32c.js",
        "/9-es5.78b3f28cb5269589b32c.js",
        "/favicon.ico",
        "/index.html",
        "/main-es2015.8e0587285921ce4d0902.js",
        "/main-es5.8e0587285921ce4d0902.js",
        "/manifest.webmanifest",
        "/polyfills-es2015.dd04c6e1e89b878c29b8.js",
        "/polyfills-es5.ab7c96bd5a96add20c11.js",
        "/runtime-es2015.c825c6dfe75ec04967d6.js",
        "/runtime-es5.c825c6dfe75ec04967d6.js",
        "/scripts.bbe10e1331279f9903a7.js",
        "/styles.4c52b73930adad4fb5e4.css"
      ],
      "patterns": []
    },
    {
      "name": "assets",
      "installMode": "lazy",
      "updateMode": "prefetch",
      "urls": [
        "/Simple-Line-Icons.0cb0b9c589c0624c9c78.woff2",
        "/Simple-Line-Icons.2fe2efe63441d830b1ac.svg",
        "/Simple-Line-Icons.78f07e2c2a535c26ef21.woff",
        "/Simple-Line-Icons.d2285965fe34b0546504.ttf",
        "/Simple-Line-Icons.f33df365d6d0255b586f.eot",
        "/ad.d42274826fceb5a1b786.svg",
        "/ad.e15ddeabbfce29717819.svg",
        "/ae.7847726d0663899a3e31.svg",
        "/ae.9fd1fcbfedb5ace0e6e6.svg",
        "/af.008dc3229529b5e6be2a.svg",
        "/af.fa735e43100e6ba7d02a.svg",
        "/ag.53a600867bab3b2284da.svg",
        "/ag.cce32c739dde31fdbee1.svg",
        "/ai.9fe4d6b75d40228a8024.svg",
        "/ai.c2f29c4d57cfcba3c9b2.svg",
        "/al.46612c2737ddd5ca9067.svg",
        "/al.4eb491e7412fcc678a29.svg",
        "/am.06509258e6113e2e0e54.svg",
        "/am.c86a9e1691e7ab36234a.svg",
        "/ao.8b6f2ec29629876f9c00.svg",
        "/ao.ab8cc21b5392f6d7b213.svg",
        "/aq.65448909a82325121a92.svg",
        "/aq.65afe1f1ffb9d9a23d25.svg",
        "/ar.78827b0be4fd4c4f4fb4.svg",
        "/ar.d205ca1376dbe5ce35b5.svg",
        "/as.16f433a627bc83a007bb.svg",
        "/as.27f3e372f5d36da8c96a.svg",
        "/assets/big.png",
        "/assets/css/animate.scss",
        "/assets/css/custom.scss",
        "/assets/en.png",
        "/assets/i18n/en.json",
        "/assets/i18n/spanish.json",
        "/assets/icon.png",
        "/assets/icon/ico-fonts/css/icofont.css",
        "/assets/icon/ico-fonts/fonts/icofont.eot",
        "/assets/icon/ico-fonts/fonts/icofont.svg",
        "/assets/icon/ico-fonts/fonts/icofont.ttf",
        "/assets/icon/ico-fonts/fonts/icofont.woff",
        "/assets/icon/icofont/css/icofont.css",
        "/assets/icon/icofont/fonts/icofont.eot",
        "/assets/icon/icofont/fonts/icofont.svg",
        "/assets/icon/icofont/fonts/icofont.ttf",
        "/assets/icon/icofont/fonts/icofont.woff",
        "/assets/icons/icon-128x128.png",
        "/assets/icons/icon-144x144.png",
        "/assets/icons/icon-152x152.png",
        "/assets/icons/icon-192x192.png",
        "/assets/icons/icon-384x384.png",
        "/assets/icons/icon-512x512.png",
        "/assets/icons/icon-72x72.png",
        "/assets/icons/icon-96x96.png",
        "/assets/images/auth/Logo-small-bottom.png",
        "/assets/images/auth/big.png",
        "/assets/images/auth/logo.png",
        "/assets/images/avatar-1.jpg",
        "/assets/images/avatar-1.png",
        "/assets/images/avatar-2.png",
        "/assets/images/avatar-3.png",
        "/assets/images/avatar-4.png",
        "/assets/images/avatar-5.png",
        "/assets/images/avatar.jpg",
        "/assets/images/bg.jpg",
        "/assets/images/chat-bg.jpg",
        "/assets/images/complete.png",
        "/assets/images/details_close.png",
        "/assets/images/details_open.png",
        "/assets/images/logo-blue.png",
        "/assets/images/logo.png",
        "/assets/images/oval.svg",
        "/assets/images/pattern1.png",
        "/assets/images/pattern2.png",
        "/assets/images/pattern3.png",
        "/assets/images/pattern4.png",
        "/assets/images/pattern5.png",
        "/assets/images/pattern6.png",
        "/assets/images/pattern7.png",
        "/assets/images/pattern8.png",
        "/assets/images/pattern9.png",
        "/assets/images/select-arrow.png",
        "/assets/images/tooltip/Euclid.png",
        "/assets/images/tooltip/shape1.svg",
        "/assets/images/tooltip/tooltip1.svg",
        "/assets/images/user.png",
        "/assets/pages/treeview/icon-tree.png",
        "/assets/pages/treeview/jquery.tree.js",
        "/assets/pages/treeview/throbber.gif",
        "/assets/pages/treeview/treeview.css",
        "/assets/sidemenu.png",
        "/assets/spanish.png",
        "/at.5ab33f744e92b143361e.svg",
        "/at.e2634e96c9ad4694d513.svg",
        "/au.503a3a980ccbc651a8ac.svg",
        "/au.9b18ee0449e1b5cd1c78.svg",
        "/aw.47ea7038c8fea471afdd.svg",
        "/aw.f159ec168ea083c41505.svg",
        "/ax.c26f83744d3df6899632.svg",
        "/ax.fdd00c438df18b321607.svg",
        "/az.0b4258df02490e0504d9.svg",
        "/az.451284cedf7277f87440.svg",
        "/ba.3223166179b08490c6c2.svg",
        "/ba.a9dbadd71245f7d22044.svg",
        "/bb.45c62450e2d60784a4f0.svg",
        "/bb.9873885f352c415ad25c.svg",
        "/bd.5102bab03db6e13a1650.svg",
        "/bd.c4a1485f3606f93b55fa.svg",
        "/be.27d8ca49197f90010475.svg",
        "/be.f1e78c8b3266b110a4a5.svg",
        "/bf.48eb94de0b25013f3416.svg",
        "/bf.9a958401fd126a3c0868.svg",
        "/bg.2b23e12af2976b687d13.jpg",
        "/bg.3d762564b2be000f52ca.svg",
        "/bg.7163fe7683bf09611884.svg",
        "/bh.90ad3cbd95a2834f0a78.svg",
        "/bh.ef135f3ca77838cbb6e3.svg",
        "/bi.06f36479b44476f25fc9.svg",
        "/bi.75d5af3debe2895f5eb2.svg",
        "/bj.b6387659d755f8364b76.svg",
        "/bj.c81e891543509717b02a.svg",
        "/bl.38e27b684c0a7f079cc7.svg",
        "/bl.4d724b8ec2c508cf9abf.svg",
        "/bm.09839e2cd707999b472d.svg",
        "/bm.0fdefae88aaed5d7f189.svg",
        "/bn.0adbb6646a1e26c44996.svg",
        "/bn.1d4e60918c474f844110.svg",
        "/bo.4128202a176b10fa597f.svg",
        "/bo.eab17936c2d9dd56edd3.svg",
        "/bq.b551016fbdf64b9d22f1.svg",
        "/bq.d6da2e848d831d87d516.svg",
        "/br.87032851c3532c9dd64f.svg",
        "/br.ef701aba4f5dc68beb31.svg",
        "/bs.6fe877e157af3feb0987.svg",
        "/bs.9f8a4eae81ab5bc495dd.svg",
        "/bt.65b20c56edb0ae6f6523.svg",
        "/bt.dbb1623f2a2bcf088f45.svg",
        "/bv.78bef9106e11eade7698.svg",
        "/bv.b70ab2f2a1fdb7d66f68.svg",
        "/bw.d1585fdf351c0bcd56a0.svg",
        "/bw.d9e5e45f7cabb9c0790b.svg",
        "/by.80b2d2dd15003da07957.svg",
        "/by.f4cbd761094b27fc2537.svg",
        "/bz.64d617eaf3f2c6f3f025.svg",
        "/bz.e6b5e204d3da700fbf90.svg",
        "/ca.8678fc67f7ebd50a5fc7.svg",
        "/ca.c976442e32a435a0ea72.svg",
        "/cc.12b2a48420c7a24559f8.svg",
        "/cc.2da4bb974f777f45e039.svg",
        "/cd.b43f872e1441147e9389.svg",
        "/cd.cd346cdc7caa41680302.svg",
        "/cf.1bc217dc2a400899db46.svg",
        "/cf.2171101e459db58cc931.svg",
        "/cg.4396b867b33acac643e6.svg",
        "/cg.8373836c83f0ae012b42.svg",
        "/ch.252c409ba2d2600aaf08.svg",
        "/ch.9c26f60a63bf575c6b7b.svg",
        "/chat-bg.b04e814510747fb82cb1.jpg",
        "/ci.26a62321690cd175f473.svg",
        "/ci.d939dcac611747f6857e.svg",
        "/ck.22bf8119f315420569c9.svg",
        "/ck.960a7b5a2c2322b89800.svg",
        "/cl.6d63ff70245fe5abcbf9.svg",
        "/cl.8949f9e6d4f88c4f5bc1.svg",
        "/cm.5799ad4c126b0a6b1a3f.svg",
        "/cm.c972441e6e4522441d18.svg",
        "/cn.02c229de4d98ea166838.svg",
        "/cn.a94c93941a4d8907fc2b.svg",
        "/co.3b252a1a91262604a528.svg",
        "/co.41244c207c1c8c92c014.svg",
        "/complete.bac27099350dac35b270.png",
        "/cr.657d7dbcfdeb67b9324d.svg",
        "/cr.7b4ebd50f5274e5bfca8.svg",
        "/cu.0b42edabb93ec1c4862f.svg",
        "/cu.750c91b200d29892cf10.svg",
        "/cv.20a8cfffe0e969051329.svg",
        "/cv.f9922e019e929da267a6.svg",
        "/cw.69f19c22070d22008ce7.svg",
        "/cw.f1b3043c88d52ecf9222.svg",
        "/cx.172a41ec42fd86419388.svg",
        "/cx.aa81bb9ef6d3ed6a6d20.svg",
        "/cy.9f04989a23400aa64e7a.svg",
        "/cy.d069616cbc4fb181cdad.svg",
        "/cz.2339f3df385beb6667b8.svg",
        "/cz.80879b0e86919c6859d8.svg",
        "/de.3e726c2b6a59e6e4543c.svg",
        "/de.4d7bac3b0b9ab578b009.svg",
        "/details_close.cdb0ad00d71eff5be6ca.png",
        "/details_open.ed1324976fd1dcb0d747.png",
        "/dj.0c386d224ea283b79429.svg",
        "/dj.423c41561146de8c3017.svg",
        "/dk.d046fb5b6363db6e655b.svg",
        "/dk.eb1416e02baeee91a39f.svg",
        "/dm.46f58d408f6a338114db.svg",
        "/dm.664bf04224fd8e022ee0.svg",
        "/do.07d2b1ed2aa93592afc9.svg",
        "/do.79f8bf8c1a68481e0926.svg",
        "/dz.4be984a3b7c813f29370.svg",
        "/dz.b03e5aec7ad5a75fce37.svg",
        "/ec.5d6fdbf808b19221f220.svg",
        "/ec.5e9624dfa7ecdab7d752.svg",
        "/ee.6088c9ceb092913b54d7.svg",
        "/ee.9e932a62565e7ddda051.svg",
        "/eg.2ea321dd4b0a3aaf3589.svg",
        "/eg.6b83ab95bd23daca2408.svg",
        "/eh.2a0e164e96dee84d0163.svg",
        "/eh.3b662831ee7dd98f8995.svg",
        "/er.bdfbf04ca25609debe2a.svg",
        "/er.e5e5e397d9e7e40f3b30.svg",
        "/es-ca.a35e6a4a92e9aa04f11d.svg",
        "/es-ca.e9062265c973b4ab42aa.svg",
        "/es-ga.151714df0fea994ff25d.svg",
        "/es-ga.2618e21f1cd5dcbd95d7.svg",
        "/es.50623e6a761b392b5381.svg",
        "/es.afff247381e7ebe7d31b.svg",
        "/et.1d986679c4676b25570d.svg",
        "/et.2ebb0d3d6e63baf78a33.svg",
        "/eu.4c73f57cb89b48ebae5e.svg",
        "/eu.ee7f4712ac4553621d85.svg",
        "/fi.2649533e1d44a2ef75d5.svg",
        "/fi.b48413bec5778656a773.svg",
        "/fj.60620e850f30b0da0d89.svg",
        "/fj.76a7a39e11d32487b82b.svg",
        "/fk.519e3de544b46b3524a5.svg",
        "/fk.aeb2d58832c6dc501253.svg",
        "/fm.3f19d612c1d987a0948e.svg",
        "/fm.59c5190c55c637cc6786.svg",
        "/fo.037e466d03f81cd46e76.svg",
        "/fo.329cbed566020b8e0d7a.svg",
        "/fontawesome-webfont.1dc35d25e61d819a9c35.ttf",
        "/fontawesome-webfont.25a32416abee198dd821.eot",
        "/fontawesome-webfont.c8ddf1e5e5bf3682bc7b.woff",
        "/fontawesome-webfont.d7c639084f684d66a1bc.svg",
        "/fontawesome-webfont.e6cf7c6ec7c2d6f670ae.woff2",
        "/fr.b1156355de9691d768df.svg",
        "/fr.f8952213641bba462c73.svg",
        "/ga.29f203bb2828c1aed048.svg",
        "/ga.33d27fe1d14e7a989255.svg",
        "/gb-eng.14167f77f128b0f57a62.svg",
        "/gb-eng.eabfeadc28e73c627eb8.svg",
        "/gb-nir.43b61feaa71fe3689833.svg",
        "/gb-nir.9cad35c46f775585c615.svg",
        "/gb-sct.31ef8bcf9416bbd5b8c6.svg",
        "/gb-sct.4c2c379f607fe46e0cec.svg",
        "/gb-wls.2d554424b763bed9142f.svg",
        "/gb-wls.85f8b84246b2d0b3b65d.svg",
        "/gb.5db9fea0ec9e05cfb98e.svg",
        "/gb.d3ddd6025a06a78535b0.svg",
        "/gd.56fdbab2ad5e961cad7d.svg",
        "/gd.8e690a5aa1fbe3a4fb37.svg",
        "/ge.16f859b527e54ef4c757.svg",
        "/ge.d3665bf12d34ff71ab30.svg",
        "/gf.38dfa23a36e1e72303ea.svg",
        "/gf.cabf9781aaaa1dffbf03.svg",
        "/gg.357e1e33666fb0844d04.svg",
        "/gg.98f67a6ff36afda7a5ec.svg",
        "/gh.77872d15b6a675d391e8.svg",
        "/gh.caedb9129bf6bd63ff40.svg",
        "/gi.b0015a50c9f5aacae442.svg",
        "/gi.dce455a731d707ad9f6f.svg",
        "/gl.2490aa08f40830bae35d.svg",
        "/gl.48bf3e4e3fdafc0726ec.svg",
        "/gm.414139d5039a0584ac04.svg",
        "/gm.50fe2799b099599b89f8.svg",
        "/gn.1ce64523708a4513c007.svg",
        "/gn.36a3e9a3dd82736bfcf2.svg",
        "/gp.c2c4da0e6afbe97dffaa.svg",
        "/gp.fa4cab3e4ee1b865a975.svg",
        "/gq.30ed019c10e7044f2664.svg",
        "/gq.80b56bda22009d765f2e.svg",
        "/gr.0bed56a8b6014fe10fef.svg",
        "/gr.471d733ad436f655210f.svg",
        "/gs.0ee2d8c9dbe38540ec70.svg",
        "/gs.6adf96a85713e8f86ed2.svg",
        "/gt.656c9899d22b16629244.svg",
        "/gt.d6b5b664755ae293fefa.svg",
        "/gu.2284e60e378b2304e722.svg",
        "/gu.64936a10d41e5fb3e672.svg",
        "/gw.5ecbd93cc2eeec1d0633.svg",
        "/gw.c1e88a916be1c72f688c.svg",
        "/gy.0653b318bc7218890284.svg",
        "/gy.79fcf270400edca30d77.svg",
        "/hk.4a0f09ba94fb32cb4ef1.svg",
        "/hk.7428ec1c480645e3654a.svg",
        "/hm.fc838ac0bb4f5ff27231.svg",
        "/hm.fe514431ce7922c28d2d.svg",
        "/hn.9b9bee13c67ab85cd468.svg",
        "/hn.c94622ad395a0173231a.svg",
        "/hr.4680d6323b39f2d7bd88.svg",
        "/hr.88f38f33e9c5dd75280a.svg",
        "/ht.34eb5f592af7e3948f4d.svg",
        "/ht.fb289ca05aec82435254.svg",
        "/hu.0d7409f88bca8325938e.svg",
        "/hu.e5e334fdd028898fe762.svg",
        "/icofont.00e93fdfb6da9c1e4c4b.svg",
        "/icofont.4abc402d95b5c1510848.woff",
        "/icofont.529c3ac7a75675f5a949.ttf",
        "/icofont.ea6b50ee81ded0716b21.eot",
        "/id.17b996767ee0373a262c.svg",
        "/id.9f708fe5bf604f5bf38a.svg",
        "/ie.798a56e04350344c5937.svg",
        "/ie.c68ff961baf04c04f9be.svg",
        "/il.874270d66e9553b21e76.svg",
        "/il.c36a011de460eb2d3b8c.svg",
        "/im.8c10222d11a27a76e0bb.svg",
        "/im.ac0c825e76851b740da5.svg",
        "/in.209ae8e9585774eb4fe3.svg",
        "/in.e4ab7bd057c6d49f21b3.svg",
        "/io.3ddd1280f6e320712021.svg",
        "/io.a45231d40c5e618f0237.svg",
        "/iq.8d936728f892c7f38e61.svg",
        "/iq.be9919971db8b464b1ba.svg",
        "/ir.23e0f96c3fa45df393a3.svg",
        "/ir.7bf140ab46a7630cb7c4.svg",
        "/is.2ce20c50765b6cccf87e.svg",
        "/is.ae44c07e894b0a298c57.svg",
        "/it.22b99ae704f3de63285b.svg",
        "/it.8d15de04f5f6e8e89cab.svg",
        "/je.ab89781e75ca3440dcb8.svg",
        "/je.e0932aed817435f70cf0.svg",
        "/jm.67f96b2f0df34ce53d76.svg",
        "/jm.b7b13124a4068892dc24.svg",
        "/jo.5130279865a7759012e1.svg",
        "/jo.9e2f2b3ac5784152799c.svg",
        "/jp.16a568ca9eb15a225e3a.svg",
        "/jp.3e72015c537875435192.svg",
        "/ke.87900162ad67f9a69484.svg",
        "/ke.dd8a91b8196000643e33.svg",
        "/kg.1cfa1c79dd521076fb17.svg",
        "/kg.5908392a2d107a3f7db5.svg",
        "/kh.5a13865d2bcaa01d3148.svg",
        "/kh.61a4b374334e719cd3d6.svg",
        "/ki.cdeef8df88cfea2b6759.svg",
        "/ki.db7e40f60e21ad4b6b64.svg",
        "/km.9b06043d7f9a227bc635.svg",
        "/km.eb69abb632453975c98b.svg",
        "/kn.4ad12564dce8cd72eac5.svg",
        "/kn.bde74c6da4f2cff6fe3a.svg",
        "/kp.9c53429167b92e260e1e.svg",
        "/kp.f08daf335790f99ff297.svg",
        "/kr.60fde7fc2f6005c1131b.svg",
        "/kr.7fb0181b38e9efdb9bc5.svg",
        "/kw.33b3292eb3089a10a5cb.svg",
        "/kw.496fa4662f48d2d7e3bd.svg",
        "/ky.5814c5a94343cb013715.svg",
        "/ky.ef1f65378cdaea3bc6a0.svg",
        "/kz.740ef4bf1d15794bfbeb.svg",
        "/kz.a19240f60581e10a25ee.svg",
        "/la.0f124ae33af5a9291262.svg",
        "/la.6b86f25a0d2d8d95ffc5.svg",
        "/lb.56f32195732ab1ad22f1.svg",
        "/lb.e33a49a9a071a76dd393.svg",
        "/lc.1c3a5554a0d8d1afaaf5.svg",
        "/lc.c056c2a721c5bd992bd4.svg",
        "/li.748d1f9967c0c449deca.svg",
        "/li.fb5437d371f4dc6261e9.svg",
        "/lk.497ee5b9544ffc297204.svg",
        "/lk.f54e1ef96c3b7670cd8d.svg",
        "/lr.309ccbd814f8f4ab23dd.svg",
        "/lr.6656f943933fa3febede.svg",
        "/ls.533cb320083af55b894a.svg",
        "/ls.c0799ebf1d583d0d3840.svg",
        "/lt.70975be09055c7db032d.svg",
        "/lt.c3aeac0dad1dfcc917a7.svg",
        "/lu.2585715a069b9b823482.svg",
        "/lu.c858787cf95b92f694db.svg",
        "/lv.8b293d984cea7db72e62.svg",
        "/lv.f3c1274d166407a222fa.svg",
        "/ly.050ff9b00cb235a2a81b.svg",
        "/ly.d089645e2ba9f431431b.svg",
        "/ma.60fbc221d84de9fb44f0.svg",
        "/ma.bee9c05416fd66f6bc44.svg",
        "/mc.78528abed80a64294f9a.svg",
        "/mc.b4f4b90da30103ef9cb0.svg",
        "/md.5f734d921b0b2e2fa02c.svg",
        "/md.75ec533ab81d8c9c9439.svg",
        "/me.2d0c8f786f51dfee2fb5.svg",
        "/me.76c434a613ae0b6e08fc.svg",
        "/mf.487f7bd7fd30eec81e74.svg",
        "/mf.5b9ff36c7fed044c2531.svg",
        "/mg.67f5922d788548be9d49.svg",
        "/mg.91e10ba084cc7f7b2498.svg",
        "/mh.6d60cee3ee8d6bee9a37.svg",
        "/mh.8f1f91348e69c8bf64d8.svg",
        "/mk.2413b10706c9e29c439b.svg",
        "/mk.ed091b887cafb2adbf04.svg",
        "/ml.204b0da4b499bc369441.svg",
        "/ml.e6f097f93a69b28225c4.svg",
        "/mm.8d6d26bc590adff8e84d.svg",
        "/mm.92e9f832a28fd293035e.svg",
        "/mn.933606d511566e3f0d15.svg",
        "/mn.9ebe47ebe8928cd80ea9.svg",
        "/mo.67acac75dc2e1cb66756.svg",
        "/mo.b6d4d1f6c34ca7e14803.svg",
        "/mp.8a731cbc2f690d74704a.svg",
        "/mp.c5eb7f233b097ecfc5f7.svg",
        "/mq.a09e48650a204ba97073.svg",
        "/mq.bfeadb02a0e0566b3764.svg",
        "/mr.a46829f17f8f3c4c5a59.svg",
        "/mr.bf379763ac177c83487c.svg",
        "/ms.ad88044d48d7c401d3be.svg",
        "/ms.e147bd2bb2aa7f31e380.svg",
        "/mt.a816f3a2978c63034949.svg",
        "/mt.f6e3733c70db8db8048d.svg",
        "/mu.67c8f3621446645a9008.svg",
        "/mu.896330b72092b57179e0.svg",
        "/mv.0fdc08c6985e30f2a3bf.svg",
        "/mv.3c896bfdad2f76fe0945.svg",
        "/mw.6073ddcffcc7c715883b.svg",
        "/mw.baf490bf505c107037b6.svg",
        "/mx.3aa223c8cc48eba75fbb.svg",
        "/mx.8ee3aa6a7feaf34c5cc8.svg",
        "/my.263aea34bcf7dfb6c02b.svg",
        "/my.e6739f404c969d6225b4.svg",
        "/mz.e99caf39cbb120f1b498.svg",
        "/mz.ef4657da4e39ea91de72.svg",
        "/na.74257fb27e114303ff5c.svg",
        "/na.bb49a4035c384be9926b.svg",
        "/nc.b8c9f5e4fa65dc17c5f0.svg",
        "/nc.d393b8faea4e68b19f4d.svg",
        "/ne.b7369ec74cd2a2ccf698.svg",
        "/ne.e56edd30b77ac6f1cae9.svg",
        "/nf.801ee09f96411568a40a.svg",
        "/nf.99af5a94b011d565f7ab.svg",
        "/ng.520463e155c2f4a38079.svg",
        "/ng.992459a3d0f22849b493.svg",
        "/ni.7b131ab3ceaf55696b68.svg",
        "/ni.baafd7d7fc1b69642270.svg",
        "/nl.390aa40fd896fda40718.svg",
        "/nl.d4811c278d659bb33f91.svg",
        "/no.0b41df77e951a30bbfcc.svg",
        "/no.b7a21f544f617a59abff.svg",
        "/np.27f0f4e72e359732d044.svg",
        "/np.b66578a5c732da35e2c8.svg",
        "/nr.2ef5b7c8f28f9c85d7c2.svg",
        "/nr.d16edc69065bf2bd0b0b.svg",
        "/nu.1db5a99d1f547d957911.svg",
        "/nu.433deb3d047d08459797.svg",
        "/nz.3241e92770d44bbe8518.svg",
        "/nz.7dab6e5e9d9e0d4f95e5.svg",
        "/om.1798270ba5e7dc130458.svg",
        "/om.b9b7d0bc1d35b84b9e66.svg",
        "/pa.beb40ab6cce7b2d196d2.svg",
        "/pa.d0787677f0d7c9cdaa8f.svg",
        "/pattern1.ea2316224d45899c59bc.png",
        "/pattern2.2ea5cf84f03e8f717363.png",
        "/pattern3.fd25cf263f97e81a3b40.png",
        "/pattern4.1b9e2d195f0f2f88fcb0.png",
        "/pattern5.372dee6df561fd2ed153.png",
        "/pattern6.88ab8ad95a8055d0f3dc.png",
        "/pattern7.86f4c2397325bcd6305c.png",
        "/pattern8.9fb4f768420ae11631ba.png",
        "/pattern9.dae5cbac5ab257f9ada0.png",
        "/pe.23591f9d72b1e3ad2652.svg",
        "/pe.ea95116f76c82964116d.svg",
        "/pf.2a69c581854033f017ef.svg",
        "/pf.bab3b7a56aa5cd5f4423.svg",
        "/pg.0b07d41894441f5e68d8.svg",
        "/pg.68e1ce3359df0808db9c.svg",
        "/ph.12f36eed83fdf6fa33bc.svg",
        "/ph.6ae85442fa90195cc9f3.svg",
        "/pk.b67f80e0c74ad587ee42.svg",
        "/pk.c2e1a15939a23c5894eb.svg",
        "/pl.3fe3bd51a504e4239ca5.svg",
        "/pl.562edca5bb39d66f4c92.svg",
        "/pm.1e97e8d76fe2d553eedd.svg",
        "/pm.89993b1ff27bb0107946.svg",
        "/pn.48bd62e408e5f6ebafd1.svg",
        "/pn.c4a2e49ffb6e0dc37c7e.svg",
        "/pr.0811a0517cf38bb44f51.svg",
        "/pr.1d278b022fba04fb58b4.svg",
        "/ps.2992f9b92974b68d8a59.svg",
        "/ps.42f2391e39ad07037687.svg",
        "/pt.04fa443dfc5d7647ec4a.svg",
        "/pt.b908edaecfb2ef51ac70.svg",
        "/pw.20a1d020151e19375915.svg",
        "/pw.78aaead281d584ac98bb.svg",
        "/py.a70b32d0609b162db211.svg",
        "/py.bbc22e414bad33de0d15.svg",
        "/qa.78909a6f9bc32e8d2bb7.svg",
        "/qa.b314986b75f2a81f5575.svg",
        "/re.01fea3b62ac2440a5785.svg",
        "/re.17909e3784b7d4ef90ef.svg",
        "/ro.22278e1314d8e8144063.svg",
        "/ro.625aca9e928c0eb9f463.svg",
        "/rs.291d0fb654f2738012da.svg",
        "/rs.d00d37d2486026cb088d.svg",
        "/ru.0cacf46e6f473fa88781.svg",
        "/ru.e3ee3b099783ef393f2f.svg",
        "/rw.7fe5146baf52818fc8f0.svg",
        "/rw.997fe41bfffc77e0073f.svg",
        "/sa.135d0c86322f6763fb56.svg",
        "/sa.c36d1991b52ce043a0ae.svg",
        "/sb.aa819297c44f0a9d29fa.svg",
        "/sb.d64e984857cd493cbe11.svg",
        "/sc.ad1bcb4c714e0ca8c735.svg",
        "/sc.e6584421fdc8b72dfd9e.svg",
        "/sd.7ab061d859c16996f2bd.svg",
        "/sd.c466d90ea717a1f99f0c.svg",
        "/se.92c66d8396d5604a9b8f.svg",
        "/se.fd663a70a1a92a395078.svg",
        "/sg.5e6ed3f10d1de224079d.svg",
        "/sg.9eb47fe757c9d8abb850.svg",
        "/sh.487ef1c8b75a5950ecc1.svg",
        "/sh.6560d76bf10093362d93.svg",
        "/shape1.b986fe6a0c6b736f3d7d.svg",
        "/si.31fbdc5b5842cfa094af.svg",
        "/si.63ba8c45578b45c1e1db.svg",
        "/sj.ae547dbec390990657f9.svg",
        "/sj.ecbc9e939c3823f82f4f.svg",
        "/sk.a5af0a28a32c844c44fd.svg",
        "/sk.b84444bf8d98e48c8b00.svg",
        "/sl.ddbd1d9b113b2688102f.svg",
        "/sl.f6315f743d7d62adc0f1.svg",
        "/sm.3b1c9fb5c651a0bda667.svg",
        "/sm.f56650007eb0fc2472dd.svg",
        "/sn.5b654e1a7246e45c6577.svg",
        "/sn.d2bec7efb0241ffa5077.svg",
        "/so.c1561217671d8bdde531.svg",
        "/so.f91fb92c0ca6934e1e00.svg",
        "/sr.788f3e2af54fdedc56e3.svg",
        "/sr.be27d1ae7006588ccd01.svg",
        "/ss.67001d2a8840b34f8407.svg",
        "/ss.e3933b4455dc06b90bba.svg",
        "/st.1f545eb99b323d22b91e.svg",
        "/st.d0a56dbbee36540ebf27.svg",
        "/sv.1176ea281282d6b053af.svg",
        "/sv.26ee887282519008e13d.svg",
        "/sx.522d898c19396a45caa5.svg",
        "/sx.a724800161ac62624719.svg",
        "/sy.64f0d2d7a590e22c8d0c.svg",
        "/sy.73690f50d6d4106fbd4c.svg",
        "/sz.cfb8269f38d55f7f388b.svg",
        "/sz.dc2faeb7bafa9eca955d.svg",
        "/tc.47c8276114b1d9c05bfd.svg",
        "/tc.d40761f21eebb19082ad.svg",
        "/td.a0923ddc3c8abed20bfd.svg",
        "/td.f37a395c81f2cfe3b51e.svg",
        "/tf.2e7dc1af2d97ea62c347.svg",
        "/tf.4ab43cc9db2814759ac2.svg",
        "/tg.025deae88a72695eb609.svg",
        "/tg.29fa137c095a6ace1adc.svg",
        "/th.76fca72f6d180d3f14a5.svg",
        "/th.904dd7853b623153a82a.svg",
        "/themify.2c454669bdf3aebf32a1.eot",
        "/themify.a1ecc3b826d01251eddd.woff",
        "/themify.cba68f986e60df8c74f4.svg",
        "/themify.e23a7dcaefbde4e74e26.ttf",
        "/tj.980d12c941054162ab18.svg",
        "/tj.a8ed5244d61deb197fad.svg",
        "/tk.1959d9de338fea49559e.svg",
        "/tk.7aaccddb93a504f69855.svg",
        "/tl.0616faaafebb8abad852.svg",
        "/tl.3c1ccf1158d75af368e0.svg",
        "/tm.b13d1440e1d8f4c55361.svg",
        "/tm.ea365f332bb0b8bb8f1f.svg",
        "/tn.50cd91018d742d2f5c31.svg",
        "/tn.fea87146ed08572e8a49.svg",
        "/to.238ef1cd63bf158a8679.svg",
        "/to.79354e72ad0559ef82e2.svg",
        "/tooltip1.dc52b301c0f1de0f7bd0.svg",
        "/tr.ce2e2e8e0650cfed7548.svg",
        "/tr.ed6d5f37779af38911b0.svg",
        "/tt.4705d420d21a5ba8a269.svg",
        "/tt.c3647d9bc890d2ebd383.svg",
        "/tv.829fb9d89912457f171d.svg",
        "/tv.a595f49d6d5586b06f4b.svg",
        "/tw.26cc9d596b2dc8b90f17.svg",
        "/tw.8a194685378977299ae3.svg",
        "/tz.88c89454adfe247406b4.svg",
        "/tz.d02545a1e6ca8ee2c217.svg",
        "/ua.841d259d582b4c6f5585.svg",
        "/ua.a8b13525ee3b82f90119.svg",
        "/ug.6d6f88960e155a85c6e5.svg",
        "/ug.be11ef3932f4010356d7.svg",
        "/um.3d347682d5c526a37719.svg",
        "/um.8754eddfe66cfeebda89.svg",
        "/un.bdaf37f920eb89f19bf8.svg",
        "/un.e6aabbd55ef6e4b38398.svg",
        "/us.8ec583188aba7e942658.svg",
        "/us.ae65659236a7e3484027.svg",
        "/uy.79b02850081e27b3ba20.svg",
        "/uy.adbc4992aa0cb87499df.svg",
        "/uz.ca892343cb962d42bc4c.svg",
        "/uz.eb1e00b870d7f0784288.svg",
        "/va.21913d789a3d4b70ce0a.svg",
        "/va.90e9f73abaa206455171.svg",
        "/vc.4ac5124fbf60fcff6808.svg",
        "/vc.bbb52fa0756298590332.svg",
        "/ve.9f23d9626b92963d5502.svg",
        "/ve.b2cd5a9a011fd43f115a.svg",
        "/vg.a796b16d8f1c42862953.svg",
        "/vg.b37358a1a76ab385e4ea.svg",
        "/vi.0aa782108fb39a7d5f3a.svg",
        "/vi.4952d5bf33f73b27ccfe.svg",
        "/vn.6b3aef51e8b58cf029a8.svg",
        "/vn.a0081482192375c70656.svg",
        "/vu.730801abb424741b4487.svg",
        "/vu.859836e7f7e23c3e620d.svg",
        "/wf.05522b9f19236d09cc79.svg",
        "/wf.e3ac728c6286182ecee6.svg",
        "/ws.3ea6d44f91f0accab1ba.svg",
        "/ws.405a2c5f036343f54f0e.svg",
        "/xk.62bc9bcf96e7abb6e212.svg",
        "/xk.bd62029ec779b30b2ac8.svg",
        "/ye.b5840a84dc1fc4442494.svg",
        "/ye.d13e1629bdb0f80baef6.svg",
        "/yt.b6042b9cfb432f844e96.svg",
        "/yt.f06d254d5978e4b0223f.svg",
        "/za.14e7052257d9914b613f.svg",
        "/za.67ff2e108ce38abcf3f6.svg",
        "/zm.3eef5dc07668374a4628.svg",
        "/zm.a9ff495dd331a2364fac.svg",
        "/zw.6ac3949a90f1620a287b.svg",
        "/zw.8b8854659c43952e254a.svg"
      ],
      "patterns": []
    }
  ],
  "dataGroups": [],
  "hashTable": {
    "/0-es2015.97cbcbd78b3f10d30dc8.js": "bf9af18bb24510bc41c238f12e02c62c3a93d66c",
    "/0-es5.97cbcbd78b3f10d30dc8.js": "23513b84d55e583c604f1e95ae4574a6af5cdc97",
    "/1-es2015.b51dbd15bcc00c330f5e.js": "3097560e7f21630485fe0190fffd694d0d2c4146",
    "/1-es5.b51dbd15bcc00c330f5e.js": "3ff849d645c8f0c5f06408882cae1adec7edc427",
    "/10-es2015.09b058e88dca573078aa.js": "619a9ebfa2ecd3dc1308cdc1b3cfa69e3db7089e",
    "/10-es5.09b058e88dca573078aa.js": "713558debf945cc255f28e94cb0b787c0f570d4c",
    "/11-es2015.2a741a072d60ae36b562.js": "046b1e9ea6af4a00828d2fa8975f7e68f7d10caa",
    "/11-es5.2a741a072d60ae36b562.js": "25d9083895319904b018bf8f5c1adc85cefc72cf",
    "/12-es2015.964f3da5dc09f1caeed2.js": "8068fe012f46741dcef20412797cfb646471b372",
    "/12-es5.964f3da5dc09f1caeed2.js": "b645d9fc914dd39db5f6c904445627a4c1e77c07",
    "/13-es2015.c2a3db97a27e137e97a3.js": "248c0c4723038c33513f2e1a881202073e49f52b",
    "/13-es5.c2a3db97a27e137e97a3.js": "9a7382e4b7c240da93e87ee4573ebf5af99dbee2",
    "/14-es2015.94c54f33f0ddadaaf248.js": "5c8912e1d4458f049f18bbd1647141448e608c42",
    "/14-es5.94c54f33f0ddadaaf248.js": "ed35ca71bfbbc8aab45dafc3c714e43d082a5a78",
    "/15-es2015.84cd32382e674a42fce7.js": "3ec86c7aeb06133948091ba439bdcb190ddac137",
    "/15-es5.84cd32382e674a42fce7.js": "76c5c2faf021243a4fd7455b4ad88985ab1c07a1",
    "/16-es2015.289b1e7768c5241415e2.js": "2a61e1f9e04013de90ff54bd8230ca2cffe5bee5",
    "/16-es5.289b1e7768c5241415e2.js": "d7ef3f91929f4292da8966bcbbba3bcb57e812ac",
    "/17-es2015.ab60613699b9f59d5abc.js": "3276e0c258efef536b39ad10ec08cbc927f53bc0",
    "/17-es5.ab60613699b9f59d5abc.js": "b30bb1707378ce64cda7ea6493d8c24a0f08e654",
    "/18-es2015.ea502df77bd3a5988d1c.js": "a9a3d90502326c5306ccd0ee5fdbf63352188002",
    "/18-es5.ea502df77bd3a5988d1c.js": "3f0ac8faa704981e21034cb6ab7aab556e347e0a",
    "/19-es2015.79d2ecfab06a5a30a35d.js": "8f593c278bb073abbfa355e13ef483cbc2085995",
    "/19-es5.79d2ecfab06a5a30a35d.js": "e4f6e63ff4e2036b6bd59ac2bb95995d2cca0e1b",
    "/2-es2015.1884cdc30fa32a819d0e.js": "8b9941e1f3ba1ab35411f8ead24650f9594feece",
    "/2-es5.1884cdc30fa32a819d0e.js": "8c512a5647af57febbd0493bd334a7e1553ca8d2",
    "/20-es2015.1aa6cb85a30ea17452c3.js": "49353263e1e99a1d9804ac4469c8705858d1963e",
    "/20-es5.1aa6cb85a30ea17452c3.js": "db3fd140aa085c525d2c9bc3e48ed4cae09a91a2",
    "/21-es2015.b0ffa49af8a1629f4737.js": "10a7d4ad7e6b039474d86b2fdfd823ddc85703b9",
    "/21-es5.b0ffa49af8a1629f4737.js": "2ddd0b81b962ce838478aa66d36c99484e864ec2",
    "/22-es2015.3df20d73fd60af5b1909.js": "b8d08f82fc427e917b6df6f41b6af11553d33762",
    "/22-es5.3df20d73fd60af5b1909.js": "b48cde53b5e6c08963137a5176a1b26d2274af22",
    "/23-es2015.6e2a5d4c9c4ec2dc0c43.js": "b6df107f531e4071ac66e20c683b0f4c4df931d7",
    "/23-es5.6e2a5d4c9c4ec2dc0c43.js": "d21da5f75c80dde423898d2f5e8112a6c8122011",
    "/24-es2015.9de5bf8e6a8b563403ee.js": "5b90d7a7434d034bba21fd5b988a1a59225830d3",
    "/24-es5.9de5bf8e6a8b563403ee.js": "773df1129e306a247dda98a8f55e41b36146858b",
    "/25-es2015.ba8583e80b31ea1ddce4.js": "12c15aceebe65c922726252b03667d21a925d991",
    "/25-es5.ba8583e80b31ea1ddce4.js": "8b6de5c8976c4962ed7649213f473fb0f980bf6a",
    "/26-es2015.085b7d14df0328b4e89a.js": "367fb817528e45d75ebcd645f0e2e6ce9c83af1b",
    "/26-es5.085b7d14df0328b4e89a.js": "8e6ed83f89d1cb5ccc1cfc990ada356cb6f37876",
    "/27-es2015.a9934d49b9e145c274f9.js": "8b3b4de59d842169f838c1a52dd644e916cbf79b",
    "/27-es5.a9934d49b9e145c274f9.js": "f318fabf1872fdc13a5860f90d302521b3ed566e",
    "/28-es2015.7afa68b99a97eb5997dc.js": "a048818add3c97def867949eb3ed55de0128465a",
    "/28-es5.7afa68b99a97eb5997dc.js": "a9b8eefd9380354c930d45e128672786f6182d0b",
    "/29-es2015.ab5de46145ce8a6ee5e4.js": "bdfa888de2d88bf72a6b60d872785a1a9fde5437",
    "/29-es5.ab5de46145ce8a6ee5e4.js": "8ab92cf435e4bbd083605893988947befebdb186",
    "/3-es2015.6cb60845b97fb6bdfd3c.js": "252688bdbd2bd0c18db348c9e1480af0fd276d4c",
    "/3-es5.6cb60845b97fb6bdfd3c.js": "e9f503417d0f8300fc7b566a464cd2b9b05386e8",
    "/30-es2015.521ea27ab957141a3a56.js": "d912d659703efcbf7d1c046d569d6bff61a4aff4",
    "/30-es5.521ea27ab957141a3a56.js": "d1a18bee6551e05da8beab1b5f83b987b3396690",
    "/31-es2015.daaac9cc0cff02a83562.js": "f5e522f054c8aad6599e14fb0a0b45a9000f093f",
    "/31-es5.daaac9cc0cff02a83562.js": "c95efcea5ab53c0e8b12e39da689f128306b73fe",
    "/32-es2015.1079aadcff187a891652.js": "b7b762758d466c4586ca0872bcb5740102ca8aa1",
    "/32-es5.1079aadcff187a891652.js": "7591fd19a7717d4ef36229a243abd9de58d05cdc",
    "/33-es2015.0a618cff7cf37ca14a21.js": "017bd786da3b9a8a141a6086b86cb783f8085556",
    "/33-es5.0a618cff7cf37ca14a21.js": "e94e1927a8108f2a59f042b446c24f44da6febec",
    "/34-es2015.45f48ec23d23cbe6eab6.js": "7b888f66b464270d29f7da6b19ae4f5d454b4649",
    "/34-es5.45f48ec23d23cbe6eab6.js": "ba61bbe1586cc06068fe41717c8e6056f15025a0",
    "/35-es2015.8f2ce0c56f8f201b50c6.js": "4d6d74200d0db965245c3d2646226097d4e90e89",
    "/35-es5.8f2ce0c56f8f201b50c6.js": "fe9c21259e470381d5daf4ed81cfba5c6dd53f47",
    "/36-es2015.72b6e4d6d6cd951833dc.js": "87d7f4cb816a7cb0e3ceebf2e9f7f6bf42344277",
    "/36-es5.72b6e4d6d6cd951833dc.js": "13b06aec3b5c5652c00946976778694cd3d11e30",
    "/37-es2015.649a733b667fd90c4d16.js": "9a6a736899dbdf44de8598a5cbe8aa20fee4a44a",
    "/37-es5.649a733b667fd90c4d16.js": "3579c3ff0b06c6bd897e8453f2fb4125262fb040",
    "/38-es2015.03cae1a7e18f3ac1d3fb.js": "6db7a776cc25e6e1d4ceb0b50fe07d0cf3885c8e",
    "/38-es5.03cae1a7e18f3ac1d3fb.js": "e28f73e99d4a8d334cb0232047139fc0e29cde22",
    "/39-es2015.fd0917f712e27efdc78f.js": "d5c295adbeda8b4073bb87e12cd4491016fa5a6d",
    "/39-es5.fd0917f712e27efdc78f.js": "35be00dcb96203f91331b5be9d7aa84b3290153d",
    "/4-es2015.95f5fc5b9c08451f735b.js": "861921650f0b836f1c7e2979b8fdd5120bb6fbb7",
    "/4-es5.95f5fc5b9c08451f735b.js": "6a30af42a33c30da96d4073dea7c009295b8c3ac",
    "/40-es2015.e54a75c90e080ae1971f.js": "b24601b9be586172227791ec47147ae5bbf0a931",
    "/40-es5.e54a75c90e080ae1971f.js": "80ad4bf9dd0275c685e2cc003661dbf5c2cf7054",
    "/41-es2015.36f07cf35eba93cabe25.js": "a271f23d2cee6c9b804c47dc48711f72dbceb57f",
    "/41-es5.36f07cf35eba93cabe25.js": "cf2214e990f8ee68618e70aa5823b488c3d71601",
    "/42-es2015.d2be755f1bc6ad6447a7.js": "02821a992f8efb978750380bebc43ecb1e85d513",
    "/42-es5.d2be755f1bc6ad6447a7.js": "6168db0804b13f445b08a0bc037543b1afcf6442",
    "/43-es2015.c1c7d8e1603ea14fe27f.js": "6ca8eceee45c964d879a78e17634af6db969a952",
    "/43-es5.c1c7d8e1603ea14fe27f.js": "bd4a74e023b4b835541d1de9ef0462c851de10e3",
    "/44-es2015.e2314d21f71120779bd6.js": "6678e60532687d6097ae9364ec218c7bb461779b",
    "/44-es5.e2314d21f71120779bd6.js": "ffdd24ceeeb432bebf2ad0e8b6ccc717e55e99ce",
    "/45-es2015.bd4d5acb397241a4f5ca.js": "43abccbb0675ea18d4022542b40477c4d113fd38",
    "/45-es5.bd4d5acb397241a4f5ca.js": "3876b0afc721ac786c342e1cbfba94aec2094731",
    "/46-es2015.4344f2cd493496d42ed8.js": "8eef9573ba188c64dd455b32915b3f92e0b974c8",
    "/46-es5.4344f2cd493496d42ed8.js": "136d0577450255ff28fa1db4832349c1dc29f7f0",
    "/47-es2015.fdabf8cfa3d148076c54.js": "263ae35c291ad054884f5a1a5366a9d5265ff2bc",
    "/47-es5.fdabf8cfa3d148076c54.js": "a980244bc159bcd66d47db658141e2dc62fa4772",
    "/48-es2015.f4859c3af569772f3f74.js": "8c05e58048242cd9dc0a161f905ebb2e7e159699",
    "/48-es5.f4859c3af569772f3f74.js": "78deee2ac465c232d87dd96fe5a6dbc0651584da",
    "/49-es2015.f9596a8c1676c3b8c2e4.js": "f56b49bd877fb54ea191798a89f8cfd14994b89f",
    "/49-es5.f9596a8c1676c3b8c2e4.js": "ad1b8c06abbddd3991e0cc2a9aa1c808da2ffd7d",
    "/5-es2015.39d248b7d37f0ac8ce83.js": "190ecc6d038c521f3463d4a6199733c367232aac",
    "/5-es5.39d248b7d37f0ac8ce83.js": "72bb97a7a437acbeb4f167952c4cba0ad614fcdd",
    "/50-es2015.7f6510e3e2d3e1bbf415.js": "0613053254ef699b0090cc370477d89c2478bb76",
    "/50-es5.7f6510e3e2d3e1bbf415.js": "56fd33c454acfb1828b20b8f44dbae662b42c27d",
    "/6-es2015.9aae803f081208824a59.js": "3ea9d06034594e6725f6b92149fb38db6adc84f6",
    "/6-es5.9aae803f081208824a59.js": "02f62247f27e4f6ba21379ddf2e3e34f3e98803a",
    "/7-es2015.c20a4c7b702ca0c54a85.js": "875839eb9f3b78378fd7928e8fbdf407b21b8345",
    "/7-es5.c20a4c7b702ca0c54a85.js": "930d4365b1f460ba690402fd442901f8322dfe03",
    "/8-es2015.77498fc929b2ddb54362.js": "c0ae0b0d32fe303b8e8afa598ea643122746e6d7",
    "/8-es5.77498fc929b2ddb54362.js": "599c32fbdfa89feb8b81614f3ec885942658f54a",
    "/9-es2015.78b3f28cb5269589b32c.js": "aebe2e62e04f33054f21a68738d59899397b64d5",
    "/9-es5.78b3f28cb5269589b32c.js": "baf1d81262cf70186ec3b4d0ce0d922a5df061f1",
    "/Simple-Line-Icons.0cb0b9c589c0624c9c78.woff2": "5da603104d4d6e362824ec9e7db32eb2d617949a",
    "/Simple-Line-Icons.2fe2efe63441d830b1ac.svg": "1f386718449d6dfd5b1ed48c264b8fe9337ec717",
    "/Simple-Line-Icons.78f07e2c2a535c26ef21.woff": "ddd21189de779f161634ddf307a0e1ebe30318ca",
    "/Simple-Line-Icons.d2285965fe34b0546504.ttf": "9ffb81a5a11112e292f2cc323e98486bad597599",
    "/Simple-Line-Icons.f33df365d6d0255b586f.eot": "ac66184202b5478e0b60305e19dc6de385b84bb5",
    "/ad.d42274826fceb5a1b786.svg": "3ce476ee4b4819cb35f986c31556b7b61300ee36",
    "/ad.e15ddeabbfce29717819.svg": "94dd6d94c3368174fd23eb11d38fac01f748885b",
    "/ae.7847726d0663899a3e31.svg": "2263336db92f03dfc1e89028c6dd77b4b5cf2fb2",
    "/ae.9fd1fcbfedb5ace0e6e6.svg": "1dd471823f715e5a75a0364c261b2d395926e67e",
    "/af.008dc3229529b5e6be2a.svg": "4abbde9bf9201437d18b7a745f3cf0b210f4338b",
    "/af.fa735e43100e6ba7d02a.svg": "055f31ac89c15e4cfcc44a5bc4d2051801a75655",
    "/ag.53a600867bab3b2284da.svg": "05039e4725f40241aaa25df6352f71202fbb842a",
    "/ag.cce32c739dde31fdbee1.svg": "855ccb69b88e6e383982feb6a8cf77e963b7ca31",
    "/ai.9fe4d6b75d40228a8024.svg": "0e808108499e5f26d122efadb7ce48dedc10a199",
    "/ai.c2f29c4d57cfcba3c9b2.svg": "a6f5613c6ac5d2ad82f72e31a3a10ac0f42c058d",
    "/al.46612c2737ddd5ca9067.svg": "be2081df389a3ee8dce91357027e191d6abcaee0",
    "/al.4eb491e7412fcc678a29.svg": "4e571986a65b73acabe718d873ce4a981976c45a",
    "/am.06509258e6113e2e0e54.svg": "d74663f4da88fd673361adb127ce6714e690c6a9",
    "/am.c86a9e1691e7ab36234a.svg": "28e57bcac18acecaffe9e2c494317e1ec1dfed3b",
    "/ao.8b6f2ec29629876f9c00.svg": "095c157b9d1fe1c48d14d5bace783fc26246b62c",
    "/ao.ab8cc21b5392f6d7b213.svg": "4a7d2d2dc13c821f31365a46906f21794363a9ad",
    "/aq.65448909a82325121a92.svg": "1e8ac1c1c38dec6e71b7e7cac36c320ea801302d",
    "/aq.65afe1f1ffb9d9a23d25.svg": "16568d979892471efc6374de3a6293d4a7cb5b95",
    "/ar.78827b0be4fd4c4f4fb4.svg": "3703cbe7020ef5efb0525980ae896794e29e56bc",
    "/ar.d205ca1376dbe5ce35b5.svg": "856d1a1c3ebd765306b9eb95b187875f8fe4847a",
    "/as.16f433a627bc83a007bb.svg": "a59a6dd8ab5c1bfcc51a11aa75caebeb7e6a9d84",
    "/as.27f3e372f5d36da8c96a.svg": "30c8427a7383ecdbe936dc9e4ff32689f0b5b75a",
    "/assets/big.png": "b7e37f69c0207431cc957793a3a9c3b725d67f61",
    "/assets/css/animate.scss": "b6fd60d18ef742ea5f6979df0cddb35791c4fbe5",
    "/assets/css/custom.scss": "fcefaf597a12782672c71f5141ee759e0702b4c3",
    "/assets/en.png": "e4a194b3da74631302c2f1508421871755fe4276",
    "/assets/i18n/en.json": "d0f3309024ffc677083a54fea4bf1e9e764f0abd",
    "/assets/i18n/spanish.json": "257a963127b0a59951327b84de1ce74d78d31bef",
    "/assets/icon.png": "2862f57f16c5e8bb26f0a1c278c68f5b9aff2013",
    "/assets/icon/ico-fonts/css/icofont.css": "033fdf33f14b2496c9e004a0ccfdbfd66b2925d5",
    "/assets/icon/ico-fonts/fonts/icofont.eot": "e4b400e65eff43142e28967f00a7a0834a6af075",
    "/assets/icon/ico-fonts/fonts/icofont.svg": "a3fa5c709bcc058908502c0686db32ba072861b0",
    "/assets/icon/ico-fonts/fonts/icofont.ttf": "595227873a85bd09fe737316b4853fe8373f784a",
    "/assets/icon/ico-fonts/fonts/icofont.woff": "e9999ef556b4646c00f49dd67ce86349a7a598b5",
    "/assets/icon/icofont/css/icofont.css": "ba4573e7ac5874000a81175bf2150466a07136bf",
    "/assets/icon/icofont/fonts/icofont.eot": "e4b400e65eff43142e28967f00a7a0834a6af075",
    "/assets/icon/icofont/fonts/icofont.svg": "a3fa5c709bcc058908502c0686db32ba072861b0",
    "/assets/icon/icofont/fonts/icofont.ttf": "595227873a85bd09fe737316b4853fe8373f784a",
    "/assets/icon/icofont/fonts/icofont.woff": "e9999ef556b4646c00f49dd67ce86349a7a598b5",
    "/assets/icons/icon-128x128.png": "757aec1dbca437e15bbbb64285320abe63a6fe64",
    "/assets/icons/icon-144x144.png": "4098ca5564d4bb3bb6c3a515d36969d44d8a74f7",
    "/assets/icons/icon-152x152.png": "6a499449dd1ad45b6eaa0ef9bc36169435bc5f55",
    "/assets/icons/icon-192x192.png": "5d21636498e601831299f16acd8f3667e9a653a6",
    "/assets/icons/icon-384x384.png": "bead683a9da029172bcd355cee82e602c794f086",
    "/assets/icons/icon-512x512.png": "8fa0005e326aa53fb5e393b7b011618505df12d3",
    "/assets/icons/icon-72x72.png": "ec0bc65f0ef8be06a55bc69dcb0ed02294230192",
    "/assets/icons/icon-96x96.png": "1cf90767df9ea8cca108d4de45134ff23561c153",
    "/assets/images/auth/Logo-small-bottom.png": "7136dcdfeac192a5ccd1ba73d7e12becbd849e81",
    "/assets/images/auth/big.png": "55f82412d0d5a0f20dbad207246c8c6fabab0df8",
    "/assets/images/auth/logo.png": "a76c25bc9599299c52b90c9e7e2cd79afc39a015",
    "/assets/images/avatar-1.jpg": "a2aaae5b0d35e9ae49e6825dd501cde6889fe30e",
    "/assets/images/avatar-1.png": "6422f77d3bc69fae29efefa14f7aeda3a7d878bb",
    "/assets/images/avatar-2.png": "1730a191facbf975ec2505ac4cbaf4c54e4b2925",
    "/assets/images/avatar-3.png": "fba8e166374a4b179e298bac3141a23c71e71fca",
    "/assets/images/avatar-4.png": "e350303f4a2e49e7606ba3b37d348faebee26f8e",
    "/assets/images/avatar-5.png": "7f6bce8fe3e7b83f829e94de86c545386bebfaab",
    "/assets/images/avatar.jpg": "60c7403a0367fecca7a803a7223cf55119a31895",
    "/assets/images/bg.jpg": "f064281b1ffd5671c67d6288c127dbb2c8ee18a2",
    "/assets/images/chat-bg.jpg": "c7091656d640bcf1239a0baa36bc33570de2a75c",
    "/assets/images/complete.png": "db9c0ace33840e8a0bfb57809951b86d2e77305a",
    "/assets/images/details_close.png": "221e1180b6137825cf1d8bddaf41586770b47ced",
    "/assets/images/details_open.png": "6c745b6b96c2611e7fa5716e6ea83be771fa4735",
    "/assets/images/logo-blue.png": "57355e552e64571df2936ff2034cdae6c027ac3d",
    "/assets/images/logo.png": "4a5e929b949d9e1165f3f80fc6ca99be947cc9b2",
    "/assets/images/oval.svg": "10f2025f5aa96706cc81e050eadfcaa9bcc55af5",
    "/assets/images/pattern1.png": "4e22daf5c748486ca0b5bd6d88e4f2b33423938d",
    "/assets/images/pattern2.png": "cb0316cd37130ff1873d078190142aa9ea116e71",
    "/assets/images/pattern3.png": "9c7fc7ffbc53562bd22a5580b4245cafb0a68ee8",
    "/assets/images/pattern4.png": "adbcba09eeb9f9883f1354a3827ebb0f2765c810",
    "/assets/images/pattern5.png": "b77e4a46fe26b435a4d8b067a02418c4eabddf88",
    "/assets/images/pattern6.png": "5d6e3294c066449763374886a5813350a00adccd",
    "/assets/images/pattern7.png": "d7c62f1c3adc8eff9557100243105c75f19ae685",
    "/assets/images/pattern8.png": "af515e2abdf6ab119eead1d274e0a6c56dc35386",
    "/assets/images/pattern9.png": "5aadc2c3e2a1f40ddec8b7e97eebdec036a5f531",
    "/assets/images/select-arrow.png": "48995c50303654775add74457abf6bd9eafaea8d",
    "/assets/images/tooltip/Euclid.png": "7d1924b91f2091358d42ab3cdd8657cb71d45f52",
    "/assets/images/tooltip/shape1.svg": "1c93b22724275726b11c98eeea8a6fd3d4b1b5f0",
    "/assets/images/tooltip/tooltip1.svg": "314382eed0890d50beaa9af2d7c53314253bd126",
    "/assets/images/user.png": "6422f77d3bc69fae29efefa14f7aeda3a7d878bb",
    "/assets/pages/treeview/icon-tree.png": "c693c8c2437814c25b490fb26d5c807fad428ba0",
    "/assets/pages/treeview/jquery.tree.js": "e5fbda2929b19d235d73656abed96c409c4bb225",
    "/assets/pages/treeview/throbber.gif": "a639fa10ac0eb53da7d6c95cba74c9d63466f4d2",
    "/assets/pages/treeview/treeview.css": "96582f504dbfad0e9aef2361c9523bd3ec172a17",
    "/assets/sidemenu.png": "69c998dee5d03517666d3bd1eea770f572137239",
    "/assets/spanish.png": "43c4ef7928ebea36d1abcbb01263278c1aa52d1e",
    "/at.5ab33f744e92b143361e.svg": "d9506b0bf49c68da201695c3714f0ad2ac7bbbff",
    "/at.e2634e96c9ad4694d513.svg": "ffe61862fed53e47d3e781b35e09df295034d07d",
    "/au.503a3a980ccbc651a8ac.svg": "88b3a19b6b7a5eddc79e88bdf2653aef987a45f2",
    "/au.9b18ee0449e1b5cd1c78.svg": "c613785b484c09f81043e084377516b824105c3e",
    "/aw.47ea7038c8fea471afdd.svg": "9e6f16066ecf4be44b1977c433111e3753ca5d65",
    "/aw.f159ec168ea083c41505.svg": "ff8d722fe6bc99c66d8d82795c9da2344602ef28",
    "/ax.c26f83744d3df6899632.svg": "a3aa85b7918410c56fd8eb47d0d7e1979688e35f",
    "/ax.fdd00c438df18b321607.svg": "d059335ae73f4081f4395807a64c794d6d888b88",
    "/az.0b4258df02490e0504d9.svg": "0c3f0cdda9656a156e0bdef39cdb6c6e947c5330",
    "/az.451284cedf7277f87440.svg": "aba06655dfd60735a4600c5885bd8ee4b03b86cc",
    "/ba.3223166179b08490c6c2.svg": "f154315b5d60139500aaf931ddef2400ec4c36ad",
    "/ba.a9dbadd71245f7d22044.svg": "156d236ef7995e15d3133627927d9bb68b4c3f1f",
    "/bb.45c62450e2d60784a4f0.svg": "7edf689e1518c2802c2a89480242180ef3d94f80",
    "/bb.9873885f352c415ad25c.svg": "43f7c6e92b0edc2c676de7cd33771ae56a1bdbe0",
    "/bd.5102bab03db6e13a1650.svg": "a708f46cad5a970d257c2a7d760edab2547673c0",
    "/bd.c4a1485f3606f93b55fa.svg": "c8b886b0b05e5cf0d6616bf5df5f140c23a1d4c2",
    "/be.27d8ca49197f90010475.svg": "bd2119d21e53ce9cefadc22f06f16b61ae3e16a6",
    "/be.f1e78c8b3266b110a4a5.svg": "8ae468a4191a85b058ec5c305805206753468998",
    "/bf.48eb94de0b25013f3416.svg": "661dbae0b1b1e0f7139966893eced2d0cbfd2171",
    "/bf.9a958401fd126a3c0868.svg": "4e3f29b3026405347fab559d9c4edfc343f6a820",
    "/bg.2b23e12af2976b687d13.jpg": "f064281b1ffd5671c67d6288c127dbb2c8ee18a2",
    "/bg.3d762564b2be000f52ca.svg": "9bdb7db4aca057e8af0cd8c5fcea1b81919b240c",
    "/bg.7163fe7683bf09611884.svg": "68d533b32d3ac89dda602861b5a4b00ae5cf15e5",
    "/bh.90ad3cbd95a2834f0a78.svg": "24fcfe81c9d31145df1fb108bdaf338d02df5f17",
    "/bh.ef135f3ca77838cbb6e3.svg": "63e699fedeea94cac94f179cee292baef2174c2a",
    "/bi.06f36479b44476f25fc9.svg": "9e64ad2071cabc5940d99d95780feb2a92833e58",
    "/bi.75d5af3debe2895f5eb2.svg": "4946989fb32e475fbb33997b100970b87c5a264c",
    "/bj.b6387659d755f8364b76.svg": "30c1d641cf611e805124333563947016feca2bde",
    "/bj.c81e891543509717b02a.svg": "33be1f8a6022a3263465209d0eb3306f6aa17059",
    "/bl.38e27b684c0a7f079cc7.svg": "6d953ca2bb0f2a1a7dc429d363eefb43b4ac2e5c",
    "/bl.4d724b8ec2c508cf9abf.svg": "abc8c5d2c55554634e224e5a8c6e9387968e70d5",
    "/bm.09839e2cd707999b472d.svg": "7c90ed3ee0db35239b517057a67ac0dfd74feabe",
    "/bm.0fdefae88aaed5d7f189.svg": "fecc7ee4457930e920552b1b7c7de38ae56ba8c6",
    "/bn.0adbb6646a1e26c44996.svg": "73af25156790318b1d68f7e0593224bff4d29049",
    "/bn.1d4e60918c474f844110.svg": "61e1c0225c5b18e5f76cdb69c9d4f110bf7dc6bf",
    "/bo.4128202a176b10fa597f.svg": "09a93399fb71c8695661304ed92f7a92bdc4b96b",
    "/bo.eab17936c2d9dd56edd3.svg": "a8fc5b832a40111f723f0040c9784c283d9f8ada",
    "/bq.b551016fbdf64b9d22f1.svg": "38c283e8787cc684b0589a209a205fc1b400f8f0",
    "/bq.d6da2e848d831d87d516.svg": "bf446c3c995e39f221ed013bcc49c3c5aed77e39",
    "/br.87032851c3532c9dd64f.svg": "27f6ca5c6b33941a063cfd5d2c9825b4308cec13",
    "/br.ef701aba4f5dc68beb31.svg": "48978a3e79b5ddd9f1821d1aa425f3bcb74380c1",
    "/bs.6fe877e157af3feb0987.svg": "72fa93338474b73727a4d70b0c643da5286a38f8",
    "/bs.9f8a4eae81ab5bc495dd.svg": "690d7125c388e4bcf9944c8b53f78c0e55400afe",
    "/bt.65b20c56edb0ae6f6523.svg": "5a7974452d2a03ba07a9fe977b8182a15478b132",
    "/bt.dbb1623f2a2bcf088f45.svg": "691e92d3d094beb1c40aa69004e4ec0a113a7c01",
    "/bv.78bef9106e11eade7698.svg": "0182bb0312bb8d1860894da1d461cb050b33a8e7",
    "/bv.b70ab2f2a1fdb7d66f68.svg": "37ee837019883757c3369504a3064b4b3cf79cbb",
    "/bw.d1585fdf351c0bcd56a0.svg": "22bd19f5ae73f65f3d47055ef23206d5be0c3027",
    "/bw.d9e5e45f7cabb9c0790b.svg": "37c837efcc39cb8f9209e4d3cd0d2019c147e776",
    "/by.80b2d2dd15003da07957.svg": "1389e00c31f974198f6df2b5e4c68232f7018ebe",
    "/by.f4cbd761094b27fc2537.svg": "6af250d5be9d1dd7626e938ab4d2e73040984df9",
    "/bz.64d617eaf3f2c6f3f025.svg": "3c6d2a3510bee76e814bac83b6b6d33a63344391",
    "/bz.e6b5e204d3da700fbf90.svg": "1ee028e588f79d71b3ca9d8737366f3455725de6",
    "/ca.8678fc67f7ebd50a5fc7.svg": "3781d88c511fdb79482bb27f18528add33585b3c",
    "/ca.c976442e32a435a0ea72.svg": "42203fb32bd243cc45e8dcea884881c9f1889cc4",
    "/cc.12b2a48420c7a24559f8.svg": "9babf019d225e2488795f36aaa03fdffafb07e2a",
    "/cc.2da4bb974f777f45e039.svg": "f4661eb07097e0e5581c13ac7f3852c1cda055c1",
    "/cd.b43f872e1441147e9389.svg": "895812a8a36965adca8dae924074fd70c14e393c",
    "/cd.cd346cdc7caa41680302.svg": "332fedcf4bdc3ecfcf6e2440bac9c87c28846ea7",
    "/cf.1bc217dc2a400899db46.svg": "28f3d05f696df6c28e477dfc2137c2fe1afa9400",
    "/cf.2171101e459db58cc931.svg": "cb8bad15edf952cb45039044b08df16b87052229",
    "/cg.4396b867b33acac643e6.svg": "3f3315487ddae1239055390fccc6a985db0736ad",
    "/cg.8373836c83f0ae012b42.svg": "db8447e823b8f8eb8f01edc87742ef778783d9e7",
    "/ch.252c409ba2d2600aaf08.svg": "d5d191f52d9d59b9fe632dcbbfdfdcd303b5e34d",
    "/ch.9c26f60a63bf575c6b7b.svg": "746d6537ee9743ea7706527f599b543aa270768e",
    "/chat-bg.b04e814510747fb82cb1.jpg": "c7091656d640bcf1239a0baa36bc33570de2a75c",
    "/ci.26a62321690cd175f473.svg": "f3e73fb574d5dea835e29af45d0ea5ecefcc5887",
    "/ci.d939dcac611747f6857e.svg": "ebe5191c31fab802611bc79300e03b7da79b0164",
    "/ck.22bf8119f315420569c9.svg": "cff3f45f53852487b902edd1b3bee634c2cdad81",
    "/ck.960a7b5a2c2322b89800.svg": "c0d7c82897fd3b93edd5f94a3701af9276ad5f14",
    "/cl.6d63ff70245fe5abcbf9.svg": "982e1649e2a6ca1cc90083d18b2fd379ad445058",
    "/cl.8949f9e6d4f88c4f5bc1.svg": "af42ef3e8c67c40e43c926415c893618db004136",
    "/cm.5799ad4c126b0a6b1a3f.svg": "85bcacd8d0f1e960668eab28879f2f8a33b6a7df",
    "/cm.c972441e6e4522441d18.svg": "3820fc79945cdb435cbf17e0fdc4439c28ad766d",
    "/cn.02c229de4d98ea166838.svg": "a5abb0bbee89e84c16dbdc42703a7992c41ebb41",
    "/cn.a94c93941a4d8907fc2b.svg": "794e99ff287ab806a4336321bdede8590bfbf098",
    "/co.3b252a1a91262604a528.svg": "cc3651f28fefa78366469787a35c1abbfccd0ae4",
    "/co.41244c207c1c8c92c014.svg": "560a1c1c7964e2865571979ac48d4d16a26612b6",
    "/complete.bac27099350dac35b270.png": "db9c0ace33840e8a0bfb57809951b86d2e77305a",
    "/cr.657d7dbcfdeb67b9324d.svg": "2916bded9016c4ff9afe9bf9003372b51e2b87be",
    "/cr.7b4ebd50f5274e5bfca8.svg": "acc7c61a910b75de4970d54b684b0560cd833a16",
    "/cu.0b42edabb93ec1c4862f.svg": "b366f71d49dfe94a880f5a81bf5fd8800e5bf454",
    "/cu.750c91b200d29892cf10.svg": "abe3f3a8a773182988f17ced3e162928e2991041",
    "/cv.20a8cfffe0e969051329.svg": "32340cfd200da3339facd5eb6a5db479507596cc",
    "/cv.f9922e019e929da267a6.svg": "ff8a46ec77ece258522716ac87355e41f8f5b3bf",
    "/cw.69f19c22070d22008ce7.svg": "cdd807ad82df4a5fd7a5b2e5b7134b805e5e13dc",
    "/cw.f1b3043c88d52ecf9222.svg": "44bca743cbdc97703a4cbb1934c97fd1f01b63d1",
    "/cx.172a41ec42fd86419388.svg": "b11dc754ef970470653e197867463c550f8da653",
    "/cx.aa81bb9ef6d3ed6a6d20.svg": "adb35f67044190466b3855189af19505bb8ce5cd",
    "/cy.9f04989a23400aa64e7a.svg": "df7fd9a6da8c165019a528ee718accf997dee9eb",
    "/cy.d069616cbc4fb181cdad.svg": "722ceb096c8e1afd3969cc323573c94146673b24",
    "/cz.2339f3df385beb6667b8.svg": "21b901de0fe669836e0547b03f23c9647bbb6de4",
    "/cz.80879b0e86919c6859d8.svg": "fa33c9defd38f875eb8a1555b41076a1ce2d2254",
    "/de.3e726c2b6a59e6e4543c.svg": "d43327d97b3e75fd3bd8d8e0103ef182c2f4c93d",
    "/de.4d7bac3b0b9ab578b009.svg": "b1eadd2c21b10e1a13c8b44b742618c576024021",
    "/details_close.cdb0ad00d71eff5be6ca.png": "221e1180b6137825cf1d8bddaf41586770b47ced",
    "/details_open.ed1324976fd1dcb0d747.png": "6c745b6b96c2611e7fa5716e6ea83be771fa4735",
    "/dj.0c386d224ea283b79429.svg": "1881afd70344fad5eed0209f133d87e1362f355d",
    "/dj.423c41561146de8c3017.svg": "aa7de4db63544a642b112e667dd68377c4562d6f",
    "/dk.d046fb5b6363db6e655b.svg": "e296601b5f61ff36e2c3d6bff51d7beec9221607",
    "/dk.eb1416e02baeee91a39f.svg": "09f1f83e730b5c4a713f387a0a9f1c1de448bf09",
    "/dm.46f58d408f6a338114db.svg": "6a6b858f185d8f658bc0ac49d03326f120fdab4e",
    "/dm.664bf04224fd8e022ee0.svg": "f66c4516fc1fc0553bff967912fa67affb9df8b8",
    "/do.07d2b1ed2aa93592afc9.svg": "4eaa4c6e175d693cb5777128f6ba3e2068e65bf1",
    "/do.79f8bf8c1a68481e0926.svg": "4ed437d5cde601bb0bfe276c0c5ac8e88cc411cf",
    "/dz.4be984a3b7c813f29370.svg": "1b6fbba757a28fae578aa8936618020fd0b88986",
    "/dz.b03e5aec7ad5a75fce37.svg": "040dc8bd97cb102abccb8ded876e64e2cdd43146",
    "/ec.5d6fdbf808b19221f220.svg": "c94b1d40c26afca7784e6aefe34756f7066e534b",
    "/ec.5e9624dfa7ecdab7d752.svg": "b121d7dfaf5173ea6ac33ab678122197a88abe47",
    "/ee.6088c9ceb092913b54d7.svg": "3b7ff6c44c18693ae3abf61ce4f2ac652d7398c0",
    "/ee.9e932a62565e7ddda051.svg": "af83dc9be813f0920d57833d0e2bd713e844b511",
    "/eg.2ea321dd4b0a3aaf3589.svg": "db95ff7f05df9d8b1d338ab983e7071d4c3dc003",
    "/eg.6b83ab95bd23daca2408.svg": "f64bc4f37144e93d1680f072b0924badfba82588",
    "/eh.2a0e164e96dee84d0163.svg": "a288687aaff40ad7b3a8337cfcbf4bcbff51b164",
    "/eh.3b662831ee7dd98f8995.svg": "a53614b47762810cbb3cec9200be18eb00bc151d",
    "/er.bdfbf04ca25609debe2a.svg": "dba38dcf1ab3d5ad8a71a91f35c19c44f98b8ccd",
    "/er.e5e5e397d9e7e40f3b30.svg": "67b8b490442e4cdbd6ad70fc66f9bc39102c2a85",
    "/es-ca.a35e6a4a92e9aa04f11d.svg": "b615c23d68bb62b5ff274fb0e6075ad5a4e3cb4e",
    "/es-ca.e9062265c973b4ab42aa.svg": "bd8db2905cbdde482577edc8a5c7c8b8e0a86f4b",
    "/es-ga.151714df0fea994ff25d.svg": "bc17fe788b2da168cda72531146331f50920455c",
    "/es-ga.2618e21f1cd5dcbd95d7.svg": "11639a882acf4d4d2586ebbb63f3a659c12c8f69",
    "/es.50623e6a761b392b5381.svg": "ca76a86214554c7540cd3c98d8ceb2d2e22b6238",
    "/es.afff247381e7ebe7d31b.svg": "1f9d1c6f59c6b051634db5aefc2da3900373ca9f",
    "/et.1d986679c4676b25570d.svg": "28d9b0a1600600c26c649004aa2bd60a9fc2de2c",
    "/et.2ebb0d3d6e63baf78a33.svg": "fe61eb4aedba151c65c50d39acebcd10d0ddca1b",
    "/eu.4c73f57cb89b48ebae5e.svg": "d10858345db10c9ba712f2547c7754f8dd1843c7",
    "/eu.ee7f4712ac4553621d85.svg": "bd5919a86b6e8b80abfdc35bde3de511fd7608b0",
    "/favicon.ico": "22f6a4a3bcaafafb0254e0f2fa4ceb89e505e8b2",
    "/fi.2649533e1d44a2ef75d5.svg": "9da0a853169185d034eb5b3765a09c2adb4b71b4",
    "/fi.b48413bec5778656a773.svg": "4c2c50447dd41ac882df665516f38349f5347448",
    "/fj.60620e850f30b0da0d89.svg": "0b216c0de57f7befa0681fa83fca8e25d7b68e85",
    "/fj.76a7a39e11d32487b82b.svg": "cb7ead077297dc6a872007ce0ad19b69cc969c2e",
    "/fk.519e3de544b46b3524a5.svg": "3e3eb94bf2f45d33f639984789cb289bda244736",
    "/fk.aeb2d58832c6dc501253.svg": "4cdd3ee388f5d719e98f7034421d2ee29a01cebb",
    "/fm.3f19d612c1d987a0948e.svg": "ff1409c41f80346efe1ef7c0c2d0b9825b289fa5",
    "/fm.59c5190c55c637cc6786.svg": "842bd408b810f3f2cfbfa1a9fd4d0c5670959008",
    "/fo.037e466d03f81cd46e76.svg": "4701656acc0b1baaf2bd6537e20f86bab4420609",
    "/fo.329cbed566020b8e0d7a.svg": "2b3c15beed61c81a6a2340db80d482be86c0e347",
    "/fontawesome-webfont.1dc35d25e61d819a9c35.ttf": "61d8d967807ef12598d81582fa95b9f600c3ee01",
    "/fontawesome-webfont.25a32416abee198dd821.eot": "965ce8f688fedbeed504efd498bc9c1622d12362",
    "/fontawesome-webfont.c8ddf1e5e5bf3682bc7b.woff": "6d7e6a5fc802b13694d8820fc0138037c0977d2e",
    "/fontawesome-webfont.d7c639084f684d66a1bc.svg": "c0522272bbaef2acb3d341912754d6ea2d0ecfc0",
    "/fontawesome-webfont.e6cf7c6ec7c2d6f670ae.woff2": "97e438cc545714309882fbceadbf344fcaddcec5",
    "/fr.b1156355de9691d768df.svg": "e3deb99b897e85df223b6d5d63628ea6d9c762c1",
    "/fr.f8952213641bba462c73.svg": "0324f7ecd7279beaac142a037cc30759fdddb502",
    "/ga.29f203bb2828c1aed048.svg": "d79a7575e0f50fb55e0aea75fa7eaadb5192109c",
    "/ga.33d27fe1d14e7a989255.svg": "0cc760779d47741e82e23bdaff973c44aab602fd",
    "/gb-eng.14167f77f128b0f57a62.svg": "d3d0546d4f72bb12d7e0f869b3d568a4704498fa",
    "/gb-eng.eabfeadc28e73c627eb8.svg": "9f4a7abd69d931449be9448edc7897f5736d61d9",
    "/gb-nir.43b61feaa71fe3689833.svg": "69cfb71669bd33be063684d956489e15de845e8a",
    "/gb-nir.9cad35c46f775585c615.svg": "123f991aedecaf7c232485f30bbe84603bb63477",
    "/gb-sct.31ef8bcf9416bbd5b8c6.svg": "d8b15cf4867258c933e0b5c141ee9cf550391301",
    "/gb-sct.4c2c379f607fe46e0cec.svg": "be23a52505a54157c1ebddbea929354be6b43515",
    "/gb-wls.2d554424b763bed9142f.svg": "a24ae984a1ad4c4c230b08ee754140f38ef80b1c",
    "/gb-wls.85f8b84246b2d0b3b65d.svg": "fe2f1c888aa563a9dc5b41bce8142a7441b4b90b",
    "/gb.5db9fea0ec9e05cfb98e.svg": "1c6c2da2e7e1938317a892ffe7832f2ec4f89186",
    "/gb.d3ddd6025a06a78535b0.svg": "2b5148a18b90f933e47bf895c26d61a52d21d9d8",
    "/gd.56fdbab2ad5e961cad7d.svg": "89db412a7a16a8b0c2d423d3c6fddb1d29e26588",
    "/gd.8e690a5aa1fbe3a4fb37.svg": "810253a1a6c482bf085c9654ac1b60a0dcdb9a09",
    "/ge.16f859b527e54ef4c757.svg": "9d4c1aad4240b915742de206f9053babe327e46c",
    "/ge.d3665bf12d34ff71ab30.svg": "40d30a42cfa20dc724da023705b717ab5758c6bd",
    "/gf.38dfa23a36e1e72303ea.svg": "fe2abd9c1fc6dd44057d836adfef3a9bf5f27ded",
    "/gf.cabf9781aaaa1dffbf03.svg": "7edf9ef8779921d1268ccd30c99d6b826c9a33e6",
    "/gg.357e1e33666fb0844d04.svg": "bdeb77f4beedeb93ab1f4e3770fde97ddcd226d8",
    "/gg.98f67a6ff36afda7a5ec.svg": "42b1e787e1ef1b38e346133902f9daaad9c23805",
    "/gh.77872d15b6a675d391e8.svg": "bc3aff43ced39cc3116ddeb24aff0c3aadcd12e0",
    "/gh.caedb9129bf6bd63ff40.svg": "e74aea5c0e7516b42d25fd6ae1dc05813fb8f211",
    "/gi.b0015a50c9f5aacae442.svg": "037b6c3fcc3ab98d37fcb50c27db4ac4e4617cb7",
    "/gi.dce455a731d707ad9f6f.svg": "34d5a8fda691af9ebfdb68d4513fab003ba16270",
    "/gl.2490aa08f40830bae35d.svg": "787b3743cd415fc8ff7f2442a0a231b94f564bbc",
    "/gl.48bf3e4e3fdafc0726ec.svg": "0197c236d2e9c4c83a5db04fc83491c022e3f99b",
    "/gm.414139d5039a0584ac04.svg": "c703ec346aec571db2d0cf3a42a326d306ebc03b",
    "/gm.50fe2799b099599b89f8.svg": "c81ad39f32947bbfa9a0c29baab71331a66a09a7",
    "/gn.1ce64523708a4513c007.svg": "408b668ce893d17608b950ee0a9d6c44d9a97ba9",
    "/gn.36a3e9a3dd82736bfcf2.svg": "6f84477bf59423a14768cae93849eafe0bfcac1c",
    "/gp.c2c4da0e6afbe97dffaa.svg": "657c06afeb5f16063e1883307d14cb2be4064137",
    "/gp.fa4cab3e4ee1b865a975.svg": "a56ae0910fd4b5fda3f64ba9fee2d796ca040a17",
    "/gq.30ed019c10e7044f2664.svg": "918d50dab0d1e734e68a79a5feca42f4c0662897",
    "/gq.80b56bda22009d765f2e.svg": "9ba421c7ea7b746ec7bae6370ea2b291d1c6564e",
    "/gr.0bed56a8b6014fe10fef.svg": "1962066d7bd840227e8a873c7d8faf4204f36219",
    "/gr.471d733ad436f655210f.svg": "089f136bd0018908c578035b99c086203cad4bc9",
    "/gs.0ee2d8c9dbe38540ec70.svg": "f247197035b7cbc920eba74c054de8603da0df32",
    "/gs.6adf96a85713e8f86ed2.svg": "16d0d6e28ebb12e34346585500ca26b75599eb29",
    "/gt.656c9899d22b16629244.svg": "27fb94a3a9e1086283cd85e8c18a1775e906f73c",
    "/gt.d6b5b664755ae293fefa.svg": "6f138d5d9905ad6b69d004ada57061b5c7e8e7e4",
    "/gu.2284e60e378b2304e722.svg": "76b03fc958dcf94a5fff2dfa174890e90f70fbbb",
    "/gu.64936a10d41e5fb3e672.svg": "14270344a098e5375da2bb3e114c7d7be772a2be",
    "/gw.5ecbd93cc2eeec1d0633.svg": "06af59552005d38db426ed9738c7c30226c10bf9",
    "/gw.c1e88a916be1c72f688c.svg": "2c00ecf4398e4b5a0afbf812e97d5aae1884b519",
    "/gy.0653b318bc7218890284.svg": "4327ea88b250e34238b7514fb64f2c4dbc0ec741",
    "/gy.79fcf270400edca30d77.svg": "b9fe045fe144c29b7c1e5fbfa78d7be3b7807478",
    "/hk.4a0f09ba94fb32cb4ef1.svg": "a64b8df37819c449fdcc38b1194bee36b4f9223d",
    "/hk.7428ec1c480645e3654a.svg": "ba47d24096ddb2983aba79cf5009de49277e031b",
    "/hm.fc838ac0bb4f5ff27231.svg": "7ee8e748ed16237ca8513e6ae792392c6852e5b3",
    "/hm.fe514431ce7922c28d2d.svg": "674640d439e8a5075b37324f916d1dee4eb4f171",
    "/hn.9b9bee13c67ab85cd468.svg": "8a093efd93c285a7ca8395a82c1445ece0efe4e2",
    "/hn.c94622ad395a0173231a.svg": "65596d2d34e88c5745ae0d433efb53c6bb7ceb48",
    "/hr.4680d6323b39f2d7bd88.svg": "b76aedd890762ce35de509c82d6d88acb7dda4d9",
    "/hr.88f38f33e9c5dd75280a.svg": "c202544fbe1c4410e0991c3a83918cda3ff4102c",
    "/ht.34eb5f592af7e3948f4d.svg": "06288ea439b9b6f8f49dec7916f8a6ab4ee09c2a",
    "/ht.fb289ca05aec82435254.svg": "0459a4cf0504f1250ff447aae2144a3b0aa9d9c4",
    "/hu.0d7409f88bca8325938e.svg": "2e256749e2761d8ede6fda4dac8ed4d2b7bd782b",
    "/hu.e5e334fdd028898fe762.svg": "33c13527e4573859cb4b957165955bae9db64d65",
    "/icofont.00e93fdfb6da9c1e4c4b.svg": "a3fa5c709bcc058908502c0686db32ba072861b0",
    "/icofont.4abc402d95b5c1510848.woff": "e9999ef556b4646c00f49dd67ce86349a7a598b5",
    "/icofont.529c3ac7a75675f5a949.ttf": "595227873a85bd09fe737316b4853fe8373f784a",
    "/icofont.ea6b50ee81ded0716b21.eot": "e4b400e65eff43142e28967f00a7a0834a6af075",
    "/id.17b996767ee0373a262c.svg": "6448be8ab015c73ca4f781c09a07ca1654f0927c",
    "/id.9f708fe5bf604f5bf38a.svg": "45613eeabaaa9b5523d527c9c7b7082e0eb0859e",
    "/ie.798a56e04350344c5937.svg": "6e72b777904fea095abf423140dae0966604f8da",
    "/ie.c68ff961baf04c04f9be.svg": "cf0c61bf509a7da136bef510e9dbb15215fa06b9",
    "/il.874270d66e9553b21e76.svg": "7bc65fb3c84a6ec401c8acf6638b8983e848e5e4",
    "/il.c36a011de460eb2d3b8c.svg": "3f6fce5800cab7bcceb09f633f1f7a6deb304275",
    "/im.8c10222d11a27a76e0bb.svg": "1fa708f1c3f24e7e55a99ec0cd55bfe0cdc5381d",
    "/im.ac0c825e76851b740da5.svg": "78e5ea82f07f88f224f339b485af07bc44c583a3",
    "/in.209ae8e9585774eb4fe3.svg": "8227e6a26db90382b3b07a416a49d995b35f994e",
    "/in.e4ab7bd057c6d49f21b3.svg": "50e700ea860843e9996ebf98923925904e0cf1a4",
    "/index.html": "408f94dc540972a36f8590f16fcab86f2a0fa262",
    "/io.3ddd1280f6e320712021.svg": "3e5ea171a8a04b83f64dd1d534a524ea9cff964f",
    "/io.a45231d40c5e618f0237.svg": "cbcd340414b4ec629dfae1c6ac184c69a3a6c089",
    "/iq.8d936728f892c7f38e61.svg": "0085357d0e63b558fcd6084add3c3e166f9130cc",
    "/iq.be9919971db8b464b1ba.svg": "f3a6b6b79968ede16e095f2e0709104213d90b66",
    "/ir.23e0f96c3fa45df393a3.svg": "d6e865da6631afd68c3eddb6183d4a723757f184",
    "/ir.7bf140ab46a7630cb7c4.svg": "96bd9b0b3bdc0092a92407cadf9c6809d7a68c53",
    "/is.2ce20c50765b6cccf87e.svg": "840476e1c917828c8436326bd12c562df17523fc",
    "/is.ae44c07e894b0a298c57.svg": "986c01f16c2e9c94fda54b2eff5c75f4856d0d16",
    "/it.22b99ae704f3de63285b.svg": "653faa79aef73d8a6ff0f39dd762e7152032dc1a",
    "/it.8d15de04f5f6e8e89cab.svg": "01b40cef32d2b471ba6596fbac7b6dcdae637c12",
    "/je.ab89781e75ca3440dcb8.svg": "764eb18d030a20ae495c344846eaabad01ee5ce3",
    "/je.e0932aed817435f70cf0.svg": "585ca1bff976d245dc4637b43a47b85ee6d7c1a1",
    "/jm.67f96b2f0df34ce53d76.svg": "252f9baa2345c155bbc923734d81cd868e69e393",
    "/jm.b7b13124a4068892dc24.svg": "aeb297c9fc20bf24ce2041ce85078c6833cb2bbc",
    "/jo.5130279865a7759012e1.svg": "4e5ffd08eadca0e5fed06f0ca9e34092373c187b",
    "/jo.9e2f2b3ac5784152799c.svg": "60ffaaa78fecfb42680a1d5ec3af5e8b4ffaff10",
    "/jp.16a568ca9eb15a225e3a.svg": "a6ad52faa440e0a4293f4b875cf514ab539383a3",
    "/jp.3e72015c537875435192.svg": "b7006b7f32d7699252179429fe53624a51c82577",
    "/ke.87900162ad67f9a69484.svg": "7ac9791a179ad550a2d7a86213ffeec7bae6769f",
    "/ke.dd8a91b8196000643e33.svg": "9c50bbcf32600d1ae2b0324e07f10fa41f7e6322",
    "/kg.1cfa1c79dd521076fb17.svg": "fdccc5e78bca631d9071fff0c28dd12af1dd175e",
    "/kg.5908392a2d107a3f7db5.svg": "ddad89faedc5a2ff7872b69526b282103e2b7460",
    "/kh.5a13865d2bcaa01d3148.svg": "ec03179df17b996357c546ba8940f3f745f583bf",
    "/kh.61a4b374334e719cd3d6.svg": "0ce10e7a45f30641d2e4b5404f40bee89e844060",
    "/ki.cdeef8df88cfea2b6759.svg": "215cd99635fb81eb08f9685ac060d75ed4d71753",
    "/ki.db7e40f60e21ad4b6b64.svg": "b7fe551275093f8a97ef2e25ea1813c9d4d3cea5",
    "/km.9b06043d7f9a227bc635.svg": "4a724c2f6119989c9cefdc88f919f9de7139fb24",
    "/km.eb69abb632453975c98b.svg": "6069250634aecb1fd845cc0c6302e0420291599d",
    "/kn.4ad12564dce8cd72eac5.svg": "1b182e0fa8016805090c60aee1153d9e6560bd91",
    "/kn.bde74c6da4f2cff6fe3a.svg": "c3ada108bf15d7118824af08b5d25331636fdd85",
    "/kp.9c53429167b92e260e1e.svg": "bdc7206b7f9b61e0f4a80293fc66ebfff3b9c95e",
    "/kp.f08daf335790f99ff297.svg": "49f20cfef1da4b8f6e51145fde5df27b8c70deb5",
    "/kr.60fde7fc2f6005c1131b.svg": "f5539ba53dd3658b0f38109868328ef94149baa3",
    "/kr.7fb0181b38e9efdb9bc5.svg": "1735d828dfa6ec456b03a760901127d4699948f0",
    "/kw.33b3292eb3089a10a5cb.svg": "3f1c70d39eb728f0b87b38a31eebf152c04c9a9d",
    "/kw.496fa4662f48d2d7e3bd.svg": "07e0722ef91c415f681591fb8d824c8bea143539",
    "/ky.5814c5a94343cb013715.svg": "45124f7f68caaf1d555cbadfc7a343747c919769",
    "/ky.ef1f65378cdaea3bc6a0.svg": "c5227edd2b6525adc786ef08d81cb074c96ee6eb",
    "/kz.740ef4bf1d15794bfbeb.svg": "f029ea940a5981e83783fe35f82cbc6a32e7369a",
    "/kz.a19240f60581e10a25ee.svg": "61614d14dbb829fcc871cb0230f082063ec3a163",
    "/la.0f124ae33af5a9291262.svg": "f269694d709f5317578a0e2787d0643ed4fb17cb",
    "/la.6b86f25a0d2d8d95ffc5.svg": "17534274c351a04737a2d0074bbfd5773cb75057",
    "/lb.56f32195732ab1ad22f1.svg": "9b8bfca72a72d321c87a7fd4f4face15ad9d485d",
    "/lb.e33a49a9a071a76dd393.svg": "22cea3e06476a9ef07f7b184b9b12248b3cac383",
    "/lc.1c3a5554a0d8d1afaaf5.svg": "2bb1af29b090e7638ddeffca963ed4bc42ac2f5e",
    "/lc.c056c2a721c5bd992bd4.svg": "435867491796e06b9c9d96e23b64b722c6563336",
    "/li.748d1f9967c0c449deca.svg": "e5895b31d700b89e7d380cc636ad53fe5e18a961",
    "/li.fb5437d371f4dc6261e9.svg": "978d82a10328fe96bba7bda5f0e2c9949c2da4b0",
    "/lk.497ee5b9544ffc297204.svg": "81cb774db93ff37e2ca0e34b3e5a32ff46230e65",
    "/lk.f54e1ef96c3b7670cd8d.svg": "138826e2252a3b062f7fa96a15370e25757671f0",
    "/lr.309ccbd814f8f4ab23dd.svg": "4fce6be8ac09ff310fb9d96c9b4aeaa3fce599ce",
    "/lr.6656f943933fa3febede.svg": "a006f392df9771c20d20a7b2eaafef1a30633897",
    "/ls.533cb320083af55b894a.svg": "9eb145321943ed01d9180a7d96884bf7fcd59754",
    "/ls.c0799ebf1d583d0d3840.svg": "2f8fdff9b780c2860c2fd6f7d87692b2b4f06832",
    "/lt.70975be09055c7db032d.svg": "31bc20eb3dd3df5d738ef24d46a95486cc13eb07",
    "/lt.c3aeac0dad1dfcc917a7.svg": "3d4ec3a34cf4a756dbd718c43fffe511eaef2af0",
    "/lu.2585715a069b9b823482.svg": "173903163b2ec41221ff606e492728ee9cf86088",
    "/lu.c858787cf95b92f694db.svg": "26cf625f433e2f0ea627cef18e6a86968b55202d",
    "/lv.8b293d984cea7db72e62.svg": "8b7791d371d29d93348ad5fffd17823c6ea88f59",
    "/lv.f3c1274d166407a222fa.svg": "e87ed2def54029b2e7761424d635e618b67d3df9",
    "/ly.050ff9b00cb235a2a81b.svg": "cc4d78c875d1a949df98c50bd6fdd776353faf19",
    "/ly.d089645e2ba9f431431b.svg": "6e360336d73f92d37cd71b09948a543a9227158b",
    "/ma.60fbc221d84de9fb44f0.svg": "da26c04d00847dd4414bc6c8f6c353bbf2ad4da2",
    "/ma.bee9c05416fd66f6bc44.svg": "2b29e5febaeaf669731112b60de0f88d07b88e1b",
    "/main-es2015.8e0587285921ce4d0902.js": "677328be5395c7734813a9e0f656d2d65d2f90e5",
    "/main-es5.8e0587285921ce4d0902.js": "75b954a2c480dd9cf6ee6e42fd1029b9ce16f82b",
    "/manifest.webmanifest": "605405e5b687f20b176ff768f506f1eb080f3b52",
    "/mc.78528abed80a64294f9a.svg": "b57b9153c3ad7b91578b2a8ce2ba4ebf18ab5169",
    "/mc.b4f4b90da30103ef9cb0.svg": "e2ef27b57936e4ac537351cbda007cfdb04b08b4",
    "/md.5f734d921b0b2e2fa02c.svg": "3f6f59263dc15f22b83da4ccdaa2fbf842afe46f",
    "/md.75ec533ab81d8c9c9439.svg": "331a2f50bc88915ba5d4b72ab432a7c17fd1e3c3",
    "/me.2d0c8f786f51dfee2fb5.svg": "c5ff5d633fc25fb861d7b2b00185b4cc29b714b6",
    "/me.76c434a613ae0b6e08fc.svg": "04c7607f40f834b07b2ee7ba67071a7bb70c154c",
    "/mf.487f7bd7fd30eec81e74.svg": "1135c2819f5c703268604b04f3c526aeccfe1420",
    "/mf.5b9ff36c7fed044c2531.svg": "016b77b505855340ca28b7208f011fae9a965dd6",
    "/mg.67f5922d788548be9d49.svg": "c616f64b6ed99023cc4cd387daa0630530f07d05",
    "/mg.91e10ba084cc7f7b2498.svg": "16b04b7addb48a51df45d0c5184faad3f538acfa",
    "/mh.6d60cee3ee8d6bee9a37.svg": "bbce1b90d774178118ece83ddb914ecca665fbd0",
    "/mh.8f1f91348e69c8bf64d8.svg": "486e74badc99e361a2e0aa1f95d29f876150bd2c",
    "/mk.2413b10706c9e29c439b.svg": "02767f9b5636b8a514d241b1ea127bd75b7c29a3",
    "/mk.ed091b887cafb2adbf04.svg": "fb8319c059ec74ebd1e29920d7c48fa07b1ef37a",
    "/ml.204b0da4b499bc369441.svg": "65f26f53581234be2baf64e6d915bbb3c1ef1087",
    "/ml.e6f097f93a69b28225c4.svg": "88726c00bcae767e30e8a5be3aff9b469ac015a6",
    "/mm.8d6d26bc590adff8e84d.svg": "03fe266f832969a614e2cab81b43155c5e4f3218",
    "/mm.92e9f832a28fd293035e.svg": "a4466359e2fde4e5e62692e8c5d11d0d1edc0ab1",
    "/mn.933606d511566e3f0d15.svg": "b54cb6cbc4c8dd58570313ee90f1e5fdf0289db3",
    "/mn.9ebe47ebe8928cd80ea9.svg": "597e5a65cdcc62b19badfaf6431a427062ecc7d0",
    "/mo.67acac75dc2e1cb66756.svg": "5ee778336794e5239dfab77766d94cf9abfe62f5",
    "/mo.b6d4d1f6c34ca7e14803.svg": "1fb0700e7ff4a6855e5e0454757bc5ed21e0fc8c",
    "/mp.8a731cbc2f690d74704a.svg": "304603f0eda7ea94f203380d70874dda2ad76fcf",
    "/mp.c5eb7f233b097ecfc5f7.svg": "3416542192c42ae4dcb13d42a8bd916a3ea72057",
    "/mq.a09e48650a204ba97073.svg": "964c166cb9ac6aa787612cec9acd38fb857f491b",
    "/mq.bfeadb02a0e0566b3764.svg": "eede60202499f9825a7e7e245a0293144cd34b7e",
    "/mr.a46829f17f8f3c4c5a59.svg": "2e997a200f5e0a5da09aa94b2ec75bd443312451",
    "/mr.bf379763ac177c83487c.svg": "38e7e0b2f548378ec7775b60a2586edfb661648e",
    "/ms.ad88044d48d7c401d3be.svg": "d50df67a295d70d5723124fe1fa7fe48f36a522e",
    "/ms.e147bd2bb2aa7f31e380.svg": "f003b948c776905be85b717118b96d4c2142f43f",
    "/mt.a816f3a2978c63034949.svg": "c28851ea9f22e4feafae216303f6d39c212a45d7",
    "/mt.f6e3733c70db8db8048d.svg": "05ece5c4dc6926d527dbfb3f75df03509d645a25",
    "/mu.67c8f3621446645a9008.svg": "447ef6432d9f60329291b67b2c5a277343f22469",
    "/mu.896330b72092b57179e0.svg": "b5acc11499c3034177f89e2f8cbe33614fa5dacf",
    "/mv.0fdc08c6985e30f2a3bf.svg": "6aca8404cf21c3e00a04e4afb59ac815669c989f",
    "/mv.3c896bfdad2f76fe0945.svg": "d8bd6509f69b34ee1baa6f6e35c1803a507a788f",
    "/mw.6073ddcffcc7c715883b.svg": "9f8ee2e1af739389c3675233a75a2f20bc242860",
    "/mw.baf490bf505c107037b6.svg": "15899e67475e4d4ce69c338158e18d443dd269d3",
    "/mx.3aa223c8cc48eba75fbb.svg": "991d84b1fb4422a08c80851c237d279d713bc331",
    "/mx.8ee3aa6a7feaf34c5cc8.svg": "93ed8c134ace8df76ab156df86e8299e227d8777",
    "/my.263aea34bcf7dfb6c02b.svg": "2b2213f74e78508a1d28ed92d4b6d589bab81090",
    "/my.e6739f404c969d6225b4.svg": "f463ea75f6cb301a06c3db81c4470338d518c649",
    "/mz.e99caf39cbb120f1b498.svg": "8a6f4596ffa156b35859b3edd55b09290385d2fc",
    "/mz.ef4657da4e39ea91de72.svg": "4283bc61827f1a7fb8b5d17c50d7839f149a55eb",
    "/na.74257fb27e114303ff5c.svg": "b1eaf4262ab574054ab3cbe31a61e83756dc7cae",
    "/na.bb49a4035c384be9926b.svg": "7f841ae0e838891953f58215ef48b978aeb4f6f5",
    "/nc.b8c9f5e4fa65dc17c5f0.svg": "02da0684f2723ba57cd5ae0036ad0d3597800370",
    "/nc.d393b8faea4e68b19f4d.svg": "268cc311401e95db4da114d78b57b30b657ab668",
    "/ne.b7369ec74cd2a2ccf698.svg": "e011d5654a787e12d881b675de7bfdbce388f41d",
    "/ne.e56edd30b77ac6f1cae9.svg": "d752430a1e1bec4470f23a9cbeed82b8e9788e5a",
    "/nf.801ee09f96411568a40a.svg": "a4002b9702daa3502048f3dc870cb561c9d487d4",
    "/nf.99af5a94b011d565f7ab.svg": "64c7145c0ec0967fb20332cf7b0ce595f9fb0d86",
    "/ng.520463e155c2f4a38079.svg": "ddface711b1cb1487b742d564c26632f45b66713",
    "/ng.992459a3d0f22849b493.svg": "40c325468a166bef373b6ac5ab592f5337abf10b",
    "/ni.7b131ab3ceaf55696b68.svg": "4f096b99c558ce383550c6b2dadfa65420c6e66b",
    "/ni.baafd7d7fc1b69642270.svg": "0d9e31a5256b53ac051ab085f8c1a342dae95ca5",
    "/nl.390aa40fd896fda40718.svg": "d91e11166ad2aea33a2157310fd359a5d29d6380",
    "/nl.d4811c278d659bb33f91.svg": "c74b0680a843e86678279b4ae63c20a7116710c0",
    "/no.0b41df77e951a30bbfcc.svg": "8c71f507dc4e81a37418fa4c5173181ffcace814",
    "/no.b7a21f544f617a59abff.svg": "8ce46b52051cd9e12747cc4d0ba14568a1a5d200",
    "/np.27f0f4e72e359732d044.svg": "8d55b7621d4c9c2a3fc6f01ebb5525bcd325bf70",
    "/np.b66578a5c732da35e2c8.svg": "79be8f09e2f033e8b8068bb1d2643a4efb6c2cd9",
    "/nr.2ef5b7c8f28f9c85d7c2.svg": "bf245837ea8f3412ab6aed7ba7b171ed801dc79c",
    "/nr.d16edc69065bf2bd0b0b.svg": "736bf820fd69649f78b78ffa5943c139423c4d5c",
    "/nu.1db5a99d1f547d957911.svg": "d0a4c2633a54752de807d69c2e87064c7ed7aad6",
    "/nu.433deb3d047d08459797.svg": "dbc052e6a4a13cb1c86ae746ce3e24a2742fb09d",
    "/nz.3241e92770d44bbe8518.svg": "28d10954a9ace09fb9be396486702e84af23dc7a",
    "/nz.7dab6e5e9d9e0d4f95e5.svg": "01fe73e3b0eb58fb3ea56e6af79b8477e424355f",
    "/om.1798270ba5e7dc130458.svg": "47900b15ef191260cd13c8793a235e00e1851e8f",
    "/om.b9b7d0bc1d35b84b9e66.svg": "1f6f8276ccdd6f72654ab79b0c382cabe43d4f9b",
    "/pa.beb40ab6cce7b2d196d2.svg": "ca29bae24a403b67c116ebb46ff60a1df687bfef",
    "/pa.d0787677f0d7c9cdaa8f.svg": "0106f7695beb36379634b39507b7bb2811c06635",
    "/pattern1.ea2316224d45899c59bc.png": "4e22daf5c748486ca0b5bd6d88e4f2b33423938d",
    "/pattern2.2ea5cf84f03e8f717363.png": "cb0316cd37130ff1873d078190142aa9ea116e71",
    "/pattern3.fd25cf263f97e81a3b40.png": "9c7fc7ffbc53562bd22a5580b4245cafb0a68ee8",
    "/pattern4.1b9e2d195f0f2f88fcb0.png": "adbcba09eeb9f9883f1354a3827ebb0f2765c810",
    "/pattern5.372dee6df561fd2ed153.png": "b77e4a46fe26b435a4d8b067a02418c4eabddf88",
    "/pattern6.88ab8ad95a8055d0f3dc.png": "5d6e3294c066449763374886a5813350a00adccd",
    "/pattern7.86f4c2397325bcd6305c.png": "d7c62f1c3adc8eff9557100243105c75f19ae685",
    "/pattern8.9fb4f768420ae11631ba.png": "af515e2abdf6ab119eead1d274e0a6c56dc35386",
    "/pattern9.dae5cbac5ab257f9ada0.png": "5aadc2c3e2a1f40ddec8b7e97eebdec036a5f531",
    "/pe.23591f9d72b1e3ad2652.svg": "f9bd0381541c7d3094b7948a93810d10c772ee45",
    "/pe.ea95116f76c82964116d.svg": "c6bb746cf6f780e85a4e5fb937f789c4c3939c29",
    "/pf.2a69c581854033f017ef.svg": "4b8e15af002b1ccea53b66eeed5ea2e19b5f6be5",
    "/pf.bab3b7a56aa5cd5f4423.svg": "7236386334ec07ab20cb924eda549981fd352117",
    "/pg.0b07d41894441f5e68d8.svg": "73b776d5be6730f1e751537feba74bf8f3d61286",
    "/pg.68e1ce3359df0808db9c.svg": "274fbeba0204aa33bbce819cf184ce093eece711",
    "/ph.12f36eed83fdf6fa33bc.svg": "e898abd7d7b6747bc41675dccefa17f0584f8593",
    "/ph.6ae85442fa90195cc9f3.svg": "07aeddaea6f1ff328b5399056e6d628a5dd82006",
    "/pk.b67f80e0c74ad587ee42.svg": "7c4f261b7cc0cf28c23fbf933853d36634d25c3a",
    "/pk.c2e1a15939a23c5894eb.svg": "32a1f23257d540301e1a8b320f3c1ee8cdbb4e69",
    "/pl.3fe3bd51a504e4239ca5.svg": "afa7df1591868b3672bb1e6d82f079a532f67848",
    "/pl.562edca5bb39d66f4c92.svg": "fd0b6b080badcf4002cdd0dcd1a6b7d567043ac2",
    "/pm.1e97e8d76fe2d553eedd.svg": "ae218382535f7849266fa4e4f06656140725f453",
    "/pm.89993b1ff27bb0107946.svg": "22b3d7761f87558aa810b8165186ee570f6d7130",
    "/pn.48bd62e408e5f6ebafd1.svg": "bbbaaa0b47e86dc1ea1cd57b2fcd312b9effda6a",
    "/pn.c4a2e49ffb6e0dc37c7e.svg": "e227aa4af5e6456e04b8de8a65e08efad5cdf823",
    "/polyfills-es2015.dd04c6e1e89b878c29b8.js": "96b2c3979fa8d1ece9f6f8cc569b3906398bdebb",
    "/polyfills-es5.ab7c96bd5a96add20c11.js": "08ae663d05ed708014e170027870c02db370d780",
    "/pr.0811a0517cf38bb44f51.svg": "f8e01c1c13e2366be29a8f51794aa0ff291a48f7",
    "/pr.1d278b022fba04fb58b4.svg": "88ca09b98c41ce283068d1126c068a19f32a5a4a",
    "/ps.2992f9b92974b68d8a59.svg": "afa804e6d29e8d821e82e61ad52191a0a75f5623",
    "/ps.42f2391e39ad07037687.svg": "5a75f0c50734869776d4bec37bf6e4d437bf594d",
    "/pt.04fa443dfc5d7647ec4a.svg": "ac36d0f2b27ab5fedf127579e304d7def7c909bd",
    "/pt.b908edaecfb2ef51ac70.svg": "58cc302c5686c4bc14ded4ef8e86f761add3fa86",
    "/pw.20a1d020151e19375915.svg": "00a74668971b54fd2d33a7dd130dbcc01586baaf",
    "/pw.78aaead281d584ac98bb.svg": "cf464684c037273f3ce9791aa0cac3512349d283",
    "/py.a70b32d0609b162db211.svg": "34901a1a47389b478b6c087dadf6a61437198849",
    "/py.bbc22e414bad33de0d15.svg": "ed4b1864a5bba7b8209e0755f217d68df393f7ed",
    "/qa.78909a6f9bc32e8d2bb7.svg": "4ba8198ffe66a7eece2a9c74bf476c5a470e9502",
    "/qa.b314986b75f2a81f5575.svg": "cb9cb697839fc79217b1c25797d9ab5e55807d2b",
    "/re.01fea3b62ac2440a5785.svg": "142283b957b7dba5a2411707dafbd77d79feb8c1",
    "/re.17909e3784b7d4ef90ef.svg": "248188573e3653c9427b8903cfaa711b28b14f80",
    "/ro.22278e1314d8e8144063.svg": "3535a108818f0e004b6a7c262fffbf2e7d2a6aca",
    "/ro.625aca9e928c0eb9f463.svg": "488c131802095ba7b91b4262c33040fab1cdc560",
    "/rs.291d0fb654f2738012da.svg": "7c1bc3b1bb21da5dd2c223b048d479e1a17fcc2d",
    "/rs.d00d37d2486026cb088d.svg": "c9f2a5dab914091fad112e9c4576f2bb4f7f648d",
    "/ru.0cacf46e6f473fa88781.svg": "077a34f40e6d166e06180c2e5abd5b322a8de6af",
    "/ru.e3ee3b099783ef393f2f.svg": "fbe8adc1f75d896354345414a75cf5f847967ee7",
    "/runtime-es2015.c825c6dfe75ec04967d6.js": "ce00a63ab2158bf61c5485ce91b21f318d7ffd06",
    "/runtime-es5.c825c6dfe75ec04967d6.js": "051ba25931306b15e86e233a2a907f359e2c5b79",
    "/rw.7fe5146baf52818fc8f0.svg": "e46db13d506ecbfc083b6abbf43db0bea68728fc",
    "/rw.997fe41bfffc77e0073f.svg": "49851dc27d167b5742cce4d6198feab848c9d20e",
    "/sa.135d0c86322f6763fb56.svg": "91394b420999bd3fb75ea94df03bc86f26ce2d5c",
    "/sa.c36d1991b52ce043a0ae.svg": "4907e7d35afbb093c7f653ad8860fa2d30b62648",
    "/sb.aa819297c44f0a9d29fa.svg": "e421eb20306db11e5695556f0352d3a93b439028",
    "/sb.d64e984857cd493cbe11.svg": "85b07f3544675c519e3b07a3dc1bdc8e7d33b695",
    "/sc.ad1bcb4c714e0ca8c735.svg": "27236e78f9d9db01d1e9198cca189037c4ba9c19",
    "/sc.e6584421fdc8b72dfd9e.svg": "d1499fd05306ea47d4f10893d0df209d6b46efb2",
    "/scripts.bbe10e1331279f9903a7.js": "748dfabb648794663da9f94a256eb07c004bd099",
    "/sd.7ab061d859c16996f2bd.svg": "b44cf3be3a125f6896fd24911f54f707146b81f5",
    "/sd.c466d90ea717a1f99f0c.svg": "ae03f807b67c86f884bef8a312ad602d284f8951",
    "/se.92c66d8396d5604a9b8f.svg": "c7e0d885d58e61c5bb8c1500b859023fab5cc1a9",
    "/se.fd663a70a1a92a395078.svg": "7a9919688b811fa32bc261278a8fb962b08dd230",
    "/sg.5e6ed3f10d1de224079d.svg": "57ddfbc0b9d5788b2b1bc7ee837f5487bfee1f41",
    "/sg.9eb47fe757c9d8abb850.svg": "fab12ea1b3d905a3467f4b3d58093eac94a1880c",
    "/sh.487ef1c8b75a5950ecc1.svg": "e8a3dfc757c49ea35706a83e1ee5afcd7d0f51ef",
    "/sh.6560d76bf10093362d93.svg": "ef5a46f3759a41746b2f6eebb42daabcc101e692",
    "/shape1.b986fe6a0c6b736f3d7d.svg": "1c93b22724275726b11c98eeea8a6fd3d4b1b5f0",
    "/si.31fbdc5b5842cfa094af.svg": "ab7dc7d7d89cded3d89a18113e2af598229c10f7",
    "/si.63ba8c45578b45c1e1db.svg": "425ac621088f4364629dfd68b832ca0811ba462a",
    "/sj.ae547dbec390990657f9.svg": "82b8f482036faad8cfbae88e12847ff5ec2fe803",
    "/sj.ecbc9e939c3823f82f4f.svg": "3aac16185a00d97902be74f844dfb6b8a514d925",
    "/sk.a5af0a28a32c844c44fd.svg": "fe9baa1f59556b74aa5bb99b7ac9b120869ae758",
    "/sk.b84444bf8d98e48c8b00.svg": "2a48ae089a090a1e5ab304085e1df9ba6b7a6144",
    "/sl.ddbd1d9b113b2688102f.svg": "41363e655385a6cbbc2faf111545e4b196ff08c6",
    "/sl.f6315f743d7d62adc0f1.svg": "284ca020ffe659d4b4110c627c201a93ac3f7512",
    "/sm.3b1c9fb5c651a0bda667.svg": "400106fe094648b52002c4e1be581a31021de29f",
    "/sm.f56650007eb0fc2472dd.svg": "989a3f6b5d26a9e8b15b4305e9e99cb039a2d7ec",
    "/sn.5b654e1a7246e45c6577.svg": "91f5d2e4695a96aabeba39955ff28bbd88fa6c60",
    "/sn.d2bec7efb0241ffa5077.svg": "631584b0f4faf775ae0d4418f885e62018c3c26d",
    "/so.c1561217671d8bdde531.svg": "2984fa0f675e846aa2083d5acf52fc15570cbe1f",
    "/so.f91fb92c0ca6934e1e00.svg": "8bb4b3039776e41b0f22e78bb4f653a4e15e746c",
    "/sr.788f3e2af54fdedc56e3.svg": "8e20bd76200b7d02f3ced0c0359d16ff727791b8",
    "/sr.be27d1ae7006588ccd01.svg": "5e11606354c457390aa6b04410121852b470b5ec",
    "/ss.67001d2a8840b34f8407.svg": "6d5a79093e1a91ef49bf3cce120446a69385d887",
    "/ss.e3933b4455dc06b90bba.svg": "16d5d6d5091d25ab64cb90ddb6ca6d7585ef185f",
    "/st.1f545eb99b323d22b91e.svg": "c8bcfe705feaad5a098f13e2366318e4b8ed26b4",
    "/st.d0a56dbbee36540ebf27.svg": "0b1df5a475a31363140f5f9cccef754c116f8cde",
    "/styles.4c52b73930adad4fb5e4.css": "265053b791a43527bec6405be3f25b0dd131f06c",
    "/sv.1176ea281282d6b053af.svg": "1009839160eb5263452b87123785850fedddb04f",
    "/sv.26ee887282519008e13d.svg": "2439582e8af2973b2afa106babae11b2112080e0",
    "/sx.522d898c19396a45caa5.svg": "bcd5bda025da36a1776e53628728cd10086cd514",
    "/sx.a724800161ac62624719.svg": "62c862c3a328ee7eacdbc0880b8839c434298ad9",
    "/sy.64f0d2d7a590e22c8d0c.svg": "f028a8c1d52870d4c0043ba4c411b12f0259f7cd",
    "/sy.73690f50d6d4106fbd4c.svg": "7a5fb41f472c0845b22ddf20cfe0da9a2e330d8a",
    "/sz.cfb8269f38d55f7f388b.svg": "b54a0bc4d169acda28ff3622c1ff31d5bf75c27c",
    "/sz.dc2faeb7bafa9eca955d.svg": "9d50773e72f47965e4bece50fb2c90738414e617",
    "/tc.47c8276114b1d9c05bfd.svg": "b3a83e5286865ad36efe61414fc455b06a67bace",
    "/tc.d40761f21eebb19082ad.svg": "b835e025caa719a836fbe3e4fd558471980f965c",
    "/td.a0923ddc3c8abed20bfd.svg": "baf42c0be91d0aa328874d62d9e8c7b96d18dbc3",
    "/td.f37a395c81f2cfe3b51e.svg": "1231e704784f89b1643cf5938e808adead9ede8e",
    "/tf.2e7dc1af2d97ea62c347.svg": "4bf9a67d2da34d80d3e2093ba992a39d14d2c87c",
    "/tf.4ab43cc9db2814759ac2.svg": "abcdc662f1916248dd75e8b07408e9323e2ed3f6",
    "/tg.025deae88a72695eb609.svg": "1943b3c1fc1c5ef584828702b72a96d417177398",
    "/tg.29fa137c095a6ace1adc.svg": "8458a7024eaf39a888a91a6910c8bede721e3e2d",
    "/th.76fca72f6d180d3f14a5.svg": "1a210bf92d8c0587dc496e2b6c8d41fdb0d847f2",
    "/th.904dd7853b623153a82a.svg": "1f57e2dcfc2f1ec277bd577c5262f527a42c5d9c",
    "/themify.2c454669bdf3aebf32a1.eot": "df12a0942cf1933f0915fe3d910fa2379f092d83",
    "/themify.a1ecc3b826d01251eddd.woff": "9394f35bd2addd24666b79bfc36d4f9d247cb01d",
    "/themify.cba68f986e60df8c74f4.svg": "106a9ed6d6b0936376b5723611a602a2e3da66c6",
    "/themify.e23a7dcaefbde4e74e26.ttf": "5bb1fe69452a484566a81076af7567728fe7e43b",
    "/tj.980d12c941054162ab18.svg": "894f0376b55698b75b1dddd2e811258e1a4e62d9",
    "/tj.a8ed5244d61deb197fad.svg": "abd64f494e9ee0570debf4352f44f9de8f088bb3",
    "/tk.1959d9de338fea49559e.svg": "5b1d1fdac4e8d187260a3d350f8f38b94103556c",
    "/tk.7aaccddb93a504f69855.svg": "4a13fcd2393595e225598b12e42328a7efeba7fb",
    "/tl.0616faaafebb8abad852.svg": "cce0b84e333c751960c38fde3cc94b467db6e8e1",
    "/tl.3c1ccf1158d75af368e0.svg": "be0e88976c9153be285050c9cf7c1eeb5319f743",
    "/tm.b13d1440e1d8f4c55361.svg": "47321b1396bd4a7047b4d6d721793d129e013df7",
    "/tm.ea365f332bb0b8bb8f1f.svg": "ecde39955dd5392192f154a67710458e2b61540b",
    "/tn.50cd91018d742d2f5c31.svg": "ea39efde18abf5e699f1499199d5309d450530fb",
    "/tn.fea87146ed08572e8a49.svg": "528818aab10c15299ea5d5f8dc15c8c983aa4a25",
    "/to.238ef1cd63bf158a8679.svg": "14179e290396daa90e9ea0a15ce720ccdbc04a31",
    "/to.79354e72ad0559ef82e2.svg": "f560ecea3c8e2b293f40c940c7e6ee356599fdc2",
    "/tooltip1.dc52b301c0f1de0f7bd0.svg": "314382eed0890d50beaa9af2d7c53314253bd126",
    "/tr.ce2e2e8e0650cfed7548.svg": "258805d29ed45f4650436c75c224c7ddebe20be2",
    "/tr.ed6d5f37779af38911b0.svg": "49db5e5e46c496be4f3f7b0565bb415982bb6130",
    "/tt.4705d420d21a5ba8a269.svg": "34e2e35fcc5dc2efa4c42b39bdba990a082c8210",
    "/tt.c3647d9bc890d2ebd383.svg": "24375572039d26f43fce04889b6acc3cd711e2f2",
    "/tv.829fb9d89912457f171d.svg": "cdd91a68f361f21ea8e8e5114999f77b22b5f2f2",
    "/tv.a595f49d6d5586b06f4b.svg": "f4d6bf56ab5f3a1d5759de8504b1ac1d24405bfd",
    "/tw.26cc9d596b2dc8b90f17.svg": "32672e3399baf443c63414e2df7a053a8139d27e",
    "/tw.8a194685378977299ae3.svg": "19cc979e339ae78c1ba0b57cd6d3e566e00768e8",
    "/tz.88c89454adfe247406b4.svg": "1384c346cd9ea459bdc766c0e55481f6a85aa12a",
    "/tz.d02545a1e6ca8ee2c217.svg": "64da8a1232d7cd725989c436c9f4b77ad854a737",
    "/ua.841d259d582b4c6f5585.svg": "ce6bcbff6687ae6b2a55058492dffe5da5930834",
    "/ua.a8b13525ee3b82f90119.svg": "2842dd088926991ebb96fabdb385e3f82696432b",
    "/ug.6d6f88960e155a85c6e5.svg": "2f8ce8a1c005bed6eae1d3d772c42539f484c88f",
    "/ug.be11ef3932f4010356d7.svg": "a820e6008ad23672310c60df79dc19449149b651",
    "/um.3d347682d5c526a37719.svg": "9c63cc86b5f55b470248e9df15292f6d51a4466a",
    "/um.8754eddfe66cfeebda89.svg": "c47a7f6534886a7d8e56681e4df2770d1a3b3ffb",
    "/un.bdaf37f920eb89f19bf8.svg": "926fc99d2f8737a96001b9450bf870e4c3171a7e",
    "/un.e6aabbd55ef6e4b38398.svg": "b2230b9669a5d652df21cbdea01800c3af98d396",
    "/us.8ec583188aba7e942658.svg": "cb3f54c91edab7cd02a6b002c90b3f30b398da58",
    "/us.ae65659236a7e3484027.svg": "73305bd6cab9d5e7c535afbb4892020e6cc92fc9",
    "/uy.79b02850081e27b3ba20.svg": "2a318a3c89bfb8ab312a05dcde45d5101e9746bf",
    "/uy.adbc4992aa0cb87499df.svg": "ae21e26341ce716736a5591c4980e75b6948c219",
    "/uz.ca892343cb962d42bc4c.svg": "67da9ec96ba60dbafbe381f952df320c419adb47",
    "/uz.eb1e00b870d7f0784288.svg": "2931eea813016d14da0703ca7723b46c19eaa310",
    "/va.21913d789a3d4b70ce0a.svg": "7d91eb3a052d7e87dd6c94c3361b5144f54d06ba",
    "/va.90e9f73abaa206455171.svg": "059b1b38a78ba6942fc0f77417b143385fa75b7b",
    "/vc.4ac5124fbf60fcff6808.svg": "c7f8244107ae85c3151c40a5a1c61035c7a1abc5",
    "/vc.bbb52fa0756298590332.svg": "c4970d9ad60d307bad11f4e240780803ce4c8f4c",
    "/ve.9f23d9626b92963d5502.svg": "9af0ae3fc9d62bb187f9c392385b4e87162d958b",
    "/ve.b2cd5a9a011fd43f115a.svg": "68b14335ab07204d7755a3668b2d5c5559d269ce",
    "/vg.a796b16d8f1c42862953.svg": "69c2d93f8bb04a31f794ca6878a7df11afc12d7b",
    "/vg.b37358a1a76ab385e4ea.svg": "5c4cd3ceb0c525b517289906b258f8911b06ed0d",
    "/vi.0aa782108fb39a7d5f3a.svg": "1ac7aecb1db74b48fd7084e53d0085160fe6fda2",
    "/vi.4952d5bf33f73b27ccfe.svg": "3767c173cf78dbed58d071e93ab4bcdd57b3a6a5",
    "/vn.6b3aef51e8b58cf029a8.svg": "e87a69c6b6a2f714b5435d8b35c5003b7aef1772",
    "/vn.a0081482192375c70656.svg": "24e774309e19b9ad9a3d6727d1f49f4fb82b723e",
    "/vu.730801abb424741b4487.svg": "966a44f33f43deca6e93ef438b41c86da6ca2e9e",
    "/vu.859836e7f7e23c3e620d.svg": "2c62435292b6c3e4787d2dbb9fff98fbe37cea6c",
    "/wf.05522b9f19236d09cc79.svg": "c3b112d5155ae3266780e1a58a991b95f1a1b43d",
    "/wf.e3ac728c6286182ecee6.svg": "f30715cea698300049c11ac906200ef5e81372c2",
    "/ws.3ea6d44f91f0accab1ba.svg": "57cab17a6e07c925b5d5149de576fa81eedd9712",
    "/ws.405a2c5f036343f54f0e.svg": "0a122a8357a1ad835823552b85c8e8d79e5d7a59",
    "/xk.62bc9bcf96e7abb6e212.svg": "448a85429056da1ebb9e8845918b462ae18b067a",
    "/xk.bd62029ec779b30b2ac8.svg": "35553402c3009cbae2d5f6bc2419bc67a7ec59a5",
    "/ye.b5840a84dc1fc4442494.svg": "a82963af1867f8a6480dfddd7d8c991eeffb40ff",
    "/ye.d13e1629bdb0f80baef6.svg": "40777e9c4bdbc2da8a26090e1aad7b330e3a76cc",
    "/yt.b6042b9cfb432f844e96.svg": "dbd7612b4642e5a3568ef183576d2f37e7615cb7",
    "/yt.f06d254d5978e4b0223f.svg": "f636039a6623137de851b2f69ca02f5b57ca2aa4",
    "/za.14e7052257d9914b613f.svg": "a672948d3aee2f3767aa6a7731c504fcb7defe89",
    "/za.67ff2e108ce38abcf3f6.svg": "3d3b8c63889144bf65668f1360d5bdf9df878c91",
    "/zm.3eef5dc07668374a4628.svg": "2f3fac038109d0f6a7e2ea4664810179e8fc1b48",
    "/zm.a9ff495dd331a2364fac.svg": "64e8f4147a08494130a02860759bb459d122b077",
    "/zw.6ac3949a90f1620a287b.svg": "79c25133e9618202854cf343c7c203d4c412cabe",
    "/zw.8b8854659c43952e254a.svg": "dc9312c2a706d1d57056eb3b9ba9381c5fc7c175"
  },
  "navigationUrls": [
    {
      "positive": true,
      "regex": "^\\/.*$"
    },
    {
      "positive": false,
      "regex": "^\\/(?:.+\\/)?[^/]*\\.[^/]*$"
    },
    {
      "positive": false,
      "regex": "^\\/(?:.+\\/)?[^/]*__[^/]*$"
    },
    {
      "positive": false,
      "regex": "^\\/(?:.+\\/)?[^/]*__[^/]*\\/.*$"
    }
  ]
}